SD,QP,BR,RS,FR
0.0,34.116,1884.862,921600.0,30
0.0,33.941,4602.22,921600.0,30
1.2990000000000002,34.17,2880.37,921600.0,30
1.5819999999999999,33.042,2916.994,921600.0,30
2.795,34.004,1712.398,921600.0,30
2.5810000000000004,33.538,2048.41,518400.0,30
0.7140000000000001,33.976,1265.052,518400.0,30
