SD,QP,BR,RS,FR
0.28,33.209,2365.282,921600.0,30
0.0,33.236,2423.984,921600.0,30
0.21899999999999997,33.273,2572.82,921600.0,30
2.033,33.347,2901.614,921600.0,30
0.147,33.481,1657.028,518400.0,30
2.298,33.362,1838.79,518400.0,30
3.1889999999999996,33.604,1985.956,518400.0,30
