SD,QP,BR,RS,FR
0.0,32.519,16233.4,8294400.0,30
0.22,32.025,17070.256,8294400.0,30
0.259,32.531,17512.272,8294400.0,30
0.34600000000000003,32.724,19749.038,8294400.0,30
1.49,32.395,15322.818,8294400.0,30
3.0389999999999997,32.18,12442.948,8294400.0,30
0.768,32.36,13241.882,8294400.0,30
