SD,QP,BR,RS,FR
0.026000000000000002,29.129,5728.542,2073600.0,30
0.0,26.613,4618.238,2073600.0,30
0.7809999999999999,32.015,4175.256,2073600.0,30
0.0,27.827,3854.266,2073600.0,30
0.0,27.071,4492.494,2073600.0,30
0.0,27.224,4661.888,2073600.0,30
0.0,30.103,6805.802,2073600.0,30
