SD,QP,BR,RS,FR
0.0,33.896,12659.834,8294400.0,30
0.09699999999999999,33.43,25590.154,8294400.0,30
0.21,33.853,23005.936,8294400.0,30
1.882,32.664,19771.728,8294400.0,30
0.88,33.612,12963.696,8294400.0,30
3.6289999999999996,32.916,13156.776,8294400.0,30
0.0,33.543,8755.736,8294400.0,30
