SD,QP,BR,RS,FR
0.0,32.519,16233.4,8294400.0,30
0.256,32.025,17070.256,8294400.0,30
0.305,32.531,17512.272,8294400.0,30
0.20800000000000002,32.724,19749.038,8294400.0,30
1.3980000000000001,32.395,15322.818,8294400.0,30
3.02,32.18,12442.948,8294400.0,30
0.778,32.36,13241.882,8294400.0,30
