SD,QP,BR,RS,FR
0.0,32.851,16992.724,8294400.0,30
3.5469999999999997,32.598,16630.392,8294400.0,30
0.21100000000000002,33.063,9006.468,8294400.0,30
0.0,32.77,11757.842,8294400.0,30
0.0,32.84,11308.434,8294400.0,30
0.187,32.858,12563.758,8294400.0,30
0.20199999999999999,32.731,14036.704,8294400.0,30
