SD,QP,BR,RS,FR
1.7630000000000001,24.933,5775.146,2073600.0,30
1.7630000000000001,26.873,4383.314,2073600.0,30
0.0,26.863,4393.724,2073600.0,30
0.0,28.611,4936.862,2073600.0,30
0.0,28.143,4024.068,2073600.0,30
0.0,28.906,4456.272,2073600.0,30
0.0,29.596,4774.628,2073600.0,30
