SD,QP,BR,RS,FR
0.0,23.131,17127.244,8294400.0,30
0.0,21.845,16706.112,8294400.0,30
0.0,21.757,16450.03,8294400.0,30
0.8590000000000001,23.197,19023.286,8294400.0,30
2.6710000000000003,22.685,15614.816,8294400.0,30
2.423,27.112,12107.516,8294400.0,30
1.2990000000000002,27.911,12983.536,8294400.0,30
