SD,QP,BR,RS,FR
0.0,33.896,12659.834,8294400.0,30
0.095,33.43,25590.154,8294400.0,30
0.10300000000000001,33.853,23005.936,8294400.0,30
1.7080000000000002,32.664,19771.728,8294400.0,30
0.883,33.612,12963.696,8294400.0,30
3.572,32.916,13156.776,8294400.0,30
0.0,33.543,8755.736,8294400.0,30
