SD,QP,BR,RS,FR
0.0,33.896,12659.834,8294400.0,30
5.614,33.43,25590.154,8294400.0,30
0.23800000000000002,33.918,15133.472,8294400.0,30
0.0,32.711,14661.384,8294400.0,30
0.21600000000000003,33.642,8945.17,8294400.0,30
0.0,32.916,13156.776,8294400.0,30
0.0,33.543,8755.736,8294400.0,30
