SD,QP,BR,RS,FR
2.0909999999999997,32.949,5625.712,2073600.0,30
1.7369999999999999,32.964,4406.636,2073600.0,30
0.0,32.881,4794.046,2073600.0,30
0.0,33.178,5275.888,2073600.0,30
0.0,33.04,3986.996,2073600.0,30
0.0,32.735,4615.866,2073600.0,30
0.0,32.983,4966.524,2073600.0,30
