SD,QP,BR,RS,FR
0.0,27.46,4283.292,2073600.0,30
0.0,26.873,4383.314,2073600.0,30
0.0,24.216,6005.966,2073600.0,30
0.0,25.917,6660.97,2073600.0,30
0.6709999999999999,25.54,5353.56,2073600.0,30
0.14400000000000002,28.906,4456.272,2073600.0,30
0.49200000000000005,29.596,4774.628,2073600.0,30
