SD,QP,BR,RS,FR
0.21100000000000002,23.898,18230.588,8294400.0,30
1.6130000000000002,27.165,10245.502,8294400.0,30
0.0,23.116,6166.078,8294400.0,30
0.0,19.844,9710.792,3686400.0,30
0.0,21.082,9657.33,3686400.0,30
0.0,23.223,10529.332,8294400.0,30
0.0,22.876,12267.22,8294400.0,30
