SD,QP,BR,RS,FR
0.0,32.519,16233.4,8294400.0,30
0.293,32.025,17070.256,8294400.0,30
0.11599999999999999,32.531,17512.272,8294400.0,30
0.244,32.724,19749.038,8294400.0,30
1.495,32.395,15322.818,8294400.0,30
5.4270000000000005,32.243,18061.07,8294400.0,30
1.9980000000000002,32.381,19120.876,8294400.0,30
