SD,QP,BR,RS,FR
0.042,29.129,5728.542,2073600.0,30
0.7659999999999999,24.282,6106.762,2073600.0,30
1.5219999999999998,29.338,5567.536,2073600.0,30
0.0,27.827,3854.266,2073600.0,30
0.0,27.071,4492.494,2073600.0,30
0.0,27.224,4661.888,2073600.0,30
0.0,27.544,9250.118,2073600.0,30
