SD,QP,BR,RS,FR
0.0,33.896,12659.834,8294400.0,30
0.09300000000000001,33.43,25590.154,8294400.0,30
0.217,33.853,23005.936,8294400.0,30
1.8430000000000002,32.664,19771.728,8294400.0,30
0.8140000000000001,33.612,12963.696,8294400.0,30
6.249,32.901,19221.908,8294400.0,30
0.39799999999999996,33.57,12927.502,8294400.0,30
