SD,QP,BR,RS,FR
0.0,32.851,16992.724,8294400.0,30
3.248,32.598,16630.392,8294400.0,30
0.209,33.063,9006.468,8294400.0,30
0.0,32.77,11757.842,8294400.0,30
0.16899999999999998,32.858,16037.576,8294400.0,30
0.20600000000000002,32.853,17715.318,8294400.0,30
0.128,32.699,20162.004,8294400.0,30
