SD,QP,BR,RS,FR
3.360258420203473,24.727416999936523,1724229.0,499200.0,24
0.0,22.66669978034593,1065252.0,230400.0,24
0.0,23.494419600916913,1032994.0,230400.0,24
0.4077897777145534,18.927795997445635,1051056.0,230400.0,24
0.0,19.73230211817168,1032813.0,230400.0,24
0.0,19.565808118696342,738293.0,147456.0,24
0.0,20.763812808548046,740239.0,147456.0,24
