SD,QP,BR,RS,FR
0.6593894689265927,25.04013363366737,4223760.0,2073600.0,24
0.2509969749404757,28.497797441044334,2957916.0,921600.0,24
0.6569719326816381,28.622035621283647,3082617.0,921600.0,24
0.6344530460319602,28.51672819971871,2951762.0,921600.0,24
0.6701461031481113,26.536693057728474,2947976.0,921600.0,24
0.2253525273205792,25.86192575736026,2309632.0,921600.0,24
0.13477587282558545,20.89413435134954,2315858.0,921600.0,24
