SD,QP,BR,RS,FR
0.0,6.647203653660773,2309734.0,921600.0,24
0.0,12.68170167038038,2948438.0,921600.0,24
0.0,19.965915664888673,2956354.0,921600.0,24
0.2644195903195534,23.278029045971017,2947978.0,921600.0,24
0.9901565272423998,24.727416999936523,1724229.0,499200.0,24
0.0,20.386391331057332,1763008.0,499200.0,24
0.0,25.27619589437254,2309621.0,921600.0,24
