SD,QP,BR,RS,FR
0.0,20.386391331057332,1763008.0,499200.0,24
0.0,25.27619589437254,2309621.0,921600.0,24
0.0,24.17209420427855,1734634.0,499200.0,24
0.0,20.16496875950554,1722868.0,499200.0,24
0.0,20.733009992062378,1719386.0,499200.0,24
0.0,21.69119762226999,2956352.0,921600.0,24
4.3915544289783215,22.80305672761369,2951985.0,921600.0,24
