SD,QP,BR,RS,FR
0.0,22.65419791971079,1089236.0,230400.0,24
0.0,28.48607777559184,1032171.0,230400.0,24
0.0,24.26222294654498,1724760.0,499200.0,24
0.0,24.26222294654498,1720770.0,499200.0,24
0.0,21.92004223021172,1720095.0,499200.0,24
0.0,23.732840733996362,1727222.0,499200.0,24
0.0,25.76573053851596,1720104.0,499200.0,24
