SD,QP,BR,RS,FR
0.0,21.021489277165646,1720423.0,499200.0,24
0.0,24.727416999936523,1724229.0,499200.0,24
0.0,20.386391331057332,1763008.0,499200.0,24
0.0,25.27619589437254,2309621.0,921600.0,24
0.0,21.58852156814551,2315169.0,921600.0,24
0.0,22.36255593913822,2312024.0,921600.0,24
0.0,22.349259150230594,2308232.0,921600.0,24
