SD,QP,BR,RS,FR
0.0,24.940268479069452,740969.0,147456.0,24
0.0,24.009488699706086,1033477.0,230400.0,24
0.0,23.76137630485456,1032826.0,230400.0,24
0.0,28.104263402279436,1035338.0,230400.0,24
0.0,29.317317350464148,1067784.0,230400.0,24
0.0,29.616592344853217,1034242.0,230400.0,24
0.0,27.593889744842354,1032996.0,230400.0,24
