SD,QP,BR,RS,FR
0.0,23.27656155446053,1720404.0,499200.0,24
0.0,24.17209420427855,1734634.0,499200.0,24
0.0,19.73230211817168,1032813.0,230400.0,24
0.0,19.61513831635166,1032401.0,230400.0,24
0.0,21.255190256830943,1035950.0,230400.0,24
0.0,22.82507122507123,1033196.0,230400.0,24
0.0,22.401043309985067,1035763.0,230400.0,24
