SD,QP,BR,RS,FR
0.0,23.98695733708392,2310124.0,921600.0,24
0.0,25.376828410689168,2309197.0,921600.0,24
0.0,24.832043627099754,2961889.0,921600.0,24
0.0,23.948062907556576,2947400.0,921600.0,24
0.0,23.254401611047182,2947405.0,921600.0,24
0.0,30.77162989696164,4234875.0,2073600.0,24
0.0,31.27498739740508,4375712.0,2073600.0,24
