SD,QP,BR,RS,FR
2.606985096251506,4.648505623748434,1723808.0,499200.0,24
0.0,20.246566121873748,1036908.0,230400.0,24
0.0,25.37631054826951,1033018.0,230400.0,24
0.0,19.525094541718584,1035211.0,230400.0,24
0.0,20.386391331057332,1763008.0,499200.0,24
0.0,23.27656155446053,1720404.0,499200.0,24
0.0,21.58852156814551,2315169.0,921600.0,24
