SD,QP,BR,RS,FR
0.0,19.485225009956192,738496.0,147456.0,24
0.0,23.22073558162268,738218.0,147456.0,24
0.0,24.940268479069452,740969.0,147456.0,24
0.0,23.930311176278916,739016.0,147456.0,24
0.0,23.517004724666013,738231.0,147456.0,24
0.0,26.939624873856005,739943.0,147456.0,24
0.0,28.662390432591646,764694.0,147456.0,24
