SD,QP,BR,RS,FR
0.0,21.58852156814551,2315169.0,921600.0,24
0.0,22.36255593913822,2312024.0,921600.0,24
0.0,22.349259150230594,2308232.0,921600.0,24
3.029357723979774,23.749327282859646,2316143.0,921600.0,24
1.1119714549512532,22.36105377406944,1721331.0,499200.0,24
0.0,22.401043309985067,1035763.0,230400.0,24
0.0,19.045130354192693,1082304.0,230400.0,24
