SD,QP,BR,RS,FR
0.0,29.37283905858183,1719007.0,499200.0,24
0.0,24.082256843016335,2955563.0,921600.0,24
0.0,22.60443194249102,2948590.0,921600.0,24
0.0,23.38747922260581,2947407.0,921600.0,24
0.0,24.832043627099754,2961889.0,921600.0,24
1.6155791736933685,23.948062907556576,2947400.0,921600.0,24
0.557169390860575,25.08075054340877,2309194.0,921600.0,24
