SD,QP,BR,RS,FR
0.0,23.254401611047182,2947405.0,921600.0,24
0.0,28.497797441044334,2957916.0,921600.0,24
0.0,28.622035621283647,3082617.0,921600.0,24
0.5264566134533943,28.51672819971871,2951762.0,921600.0,24
0.5988061861996314,26.536693057728474,2947976.0,921600.0,24
0.3866342822865718,25.86192575736026,2309632.0,921600.0,24
0.5971819760930259,20.89413435134954,2315858.0,921600.0,24
