SD,QP,BR,RS,FR
0.0,21.302814674256798,552916.0,147456.0,24
0.0,22.705560878668514,754466.0,147456.0,24
0.0,23.207240948813983,738343.0,147456.0,24
0.0,18.6476145735463,763032.0,147456.0,24
0.0,19.755681818181817,738220.0,147456.0,24
0.0,19.565808118696342,738293.0,147456.0,24
0.0,20.763812808548046,740239.0,147456.0,24
