SD,QP,BR,RS,FR
0.0,5.032434140868219,2948075.0,921600.0,24
0.0,12.68170167038038,2948438.0,921600.0,24
0.5384966189831557,22.03406575909561,2317943.0,921600.0,24
0.0,25.61923228875298,2309645.0,921600.0,24
2.3838980972490633,21.923248117812523,2314825.0,921600.0,24
0.5044679611306249,20.386391331057332,1763008.0,499200.0,24
0.0,23.27656155446053,1720404.0,499200.0,24
