SD,QP,BR,RS,FR
2.854073604594628,0.00545171339563863,233193.0,57600.0,24
0.0,0.010940272028385569,232755.0,57600.0,24
0.0,22.411681803946138,776386.0,147456.0,24
0.0,28.579021716213365,737770.0,147456.0,24
0.0,24.26222294654498,1724760.0,499200.0,24
0.0,24.26222294654498,1720770.0,499200.0,24
0.0,21.92004223021172,1720095.0,499200.0,24
