SD,QP,BR,RS,FR
0.0,0.00757831974246239,1033136.0,230400.0,24
0.0,23.065742167437087,1824445.0,499200.0,24
0.0,29.37283905858183,1719007.0,499200.0,24
0.0,24.082256843016335,2955563.0,921600.0,24
0.0,22.60443194249102,2948590.0,921600.0,24
0.0,23.38747922260581,2947407.0,921600.0,24
0.929132645009779,27.033694238781415,2319372.0,921600.0,24
