SD,QP,BR,RS,FR
0.0,29.317317350464148,1067784.0,230400.0,24
0.0,29.616592344853217,1034242.0,230400.0,24
0.0,27.593889744842354,1032996.0,230400.0,24
0.0,25.656821114075633,1033011.0,230400.0,24
1.7613215799336706,19.104778972520908,740183.0,147456.0,24
0.0,1.6085940960895653,738470.0,147456.0,24
0.0,11.131911723249166,552314.0,147456.0,24
