SD,QP,BR,RS,FR
0.0,20.717559953735922,5802098.0,2073600.0,24
0.0,21.115190929312902,5705035.0,2073600.0,24
0.0,21.058461414661622,5694090.0,2073600.0,24
0.0,21.74069427993173,5714108.0,2073600.0,24
0.0,22.391754544955237,5705218.0,2073600.0,24
0.6101330070275779,24.37963187494754,5714119.0,2073600.0,24
0.18437224366667415,20.138741818485013,6080704.0,2073600.0,24
