SD,QP,BR,RS,FR
0.30557633397449596,0.00545171339563863,233193.0,57600.0,24
0.0,0.3939165884463501,4224714.0,2073600.0,24
0.16578067892632298,23.30064213006733,5914636.0,2073600.0,24
0.0,28.646182140676345,5692838.0,2073600.0,24
0.5017840076878546,24.164395509334955,5712516.0,2073600.0,24
0.0,23.585203493161973,5698841.0,2073600.0,24
0.0,23.047285759223477,5696520.0,2073600.0,24
