SD,QP,BR,RS,FR
0.0,23.438761999337967,237005.0,57600.0,24
0.0,29.540360733293905,232630.0,57600.0,24
0.0,21.084764340518813,370772.0,82944.0,24
0.0,25.250599594120906,387659.0,82944.0,24
0.0,24.72876683648545,370106.0,82944.0,24
0.0,20.811644455164927,370811.0,82944.0,24
0.0,21.60084718149234,551733.0,147456.0,24
