SD,QP,BR,RS,FR
0.0,23.665062014110458,5696522.0,2073600.0,24
0.0,23.210540432750644,5696522.0,2073600.0,24
0.0,28.003324630823204,5711606.0,2073600.0,24
0.0,28.671588102206453,8413071.0,3686400.0,24
0.0,28.24459366992779,7966738.0,3686400.0,24
0.3610242276684721,26.058601276706003,7956270.0,3686400.0,24
0.4280871175327956,23.477630948735463,7956266.0,3686400.0,24
