SD,QP,BR,RS,FR
0.0,25.238774056836206,11393372.0,8294400.0,24
0.0,25.624528367177756,11421541.0,8294400.0,24
0.0,25.122440232168266,11408040.0,8294400.0,24
0.0,22.781294079912353,16489431.0,8294400.0,24
0.2912513093322575,21.9667298228994,16548065.0,8294400.0,24
0.6645740312323838,22.53670265337397,16505900.0,8294400.0,24
1.4607086652137458,23.814880310167272,16584793.0,8294400.0,24
