SD,QP,BR,RS,FR
0.1105865885629974,0.00545171339563863,233193.0,57600.0,24
0.14148466080387845,0.5868939975658043,16500016.0,8294400.0,24
1.5640082398551298,23.901521833000082,17337793.0,8294400.0,24
0.0,28.529422703530507,16485770.0,8294400.0,24
0.697010460492745,24.553883107439596,16543277.0,8294400.0,24
1.0218142737363003,25.727309261842034,16519829.0,8294400.0,24
0.7091778137772939,25.305396362509338,16496515.0,8294400.0,24
