SD,QP,BR,RS,FR
0.3791377788186976,27.319162686840514,11391082.0,8294400.0,24
1.2010213454110277,27.636658392030622,11426602.0,8294400.0,24
0.28949606189378496,27.652357254553905,11391087.0,8294400.0,24
0.24088128246324114,27.092501021371312,11391069.0,8294400.0,24
1.2036307613134598,31.0767064013276,11421518.0,8294400.0,24
2.3494644447910336,31.576061483414726,11822120.0,8294400.0,24
1.363206110999661,30.305249173511026,11408452.0,8294400.0,24
