SD,QP,BR,RS,FR
3.6651694247223867,24.89541455328677,16499897.0,8294400.0,24
0.4538815665911482,22.921424230869015,16499901.0,8294400.0,24
1.4849080219061896,20.912563075129324,16545700.0,8294400.0,24
0.5980130387088494,6.790854179834481,16499994.0,8294400.0,24
0.42854227370307196,14.099311355923644,16660737.0,8294400.0,24
0.0,23.660619457382705,11426592.0,8294400.0,24
0.0,26.09616988527242,11507664.0,8294400.0,24
