SD,QP,BR,RS,FR
0.31396790688265863,30.78331761396542,2307715.0,921600.0,24
0.0,24.26222294654498,1724760.0,499200.0,24
0.0,23.98695733708392,2310124.0,921600.0,24
0.0,25.376828410689168,2309197.0,921600.0,24
0.0,27.033694238781415,2319372.0,921600.0,24
0.0,23.948062907556576,2947400.0,921600.0,24
0.0,23.254401611047182,2947405.0,921600.0,24
