SD,QP,BR,RS,FR
1.363206110999661,30.305249173511026,11408452.0,8294400.0,24
0.5148918332713492,28.13503657387819,11393405.0,8294400.0,24
0.164835456411506,25.573155591772494,11393396.0,8294400.0,24
0.8514192014389028,23.31067690922642,11424963.0,8294400.0,24
0.27973205549298985,8.754301544269104,11393484.0,8294400.0,24
1.1310791090003436,15.901235380460617,11505423.0,8294400.0,24
1.6241300163526802,23.660619457382705,11426592.0,8294400.0,24
