SD,QP,BR,RS,FR
0.0,23.447913378716855,7956253.0,3686400.0,24
0.14645148017817622,22.23263112902241,8159381.0,3686400.0,24
0.0,22.363772155517438,7970626.0,3686400.0,24
0.0,22.46448328539158,7951264.0,3686400.0,24
0.0,22.570057882731437,7979349.0,3686400.0,24
0.0,23.41590030281854,7965341.0,3686400.0,24
0.0,24.55006856268871,7979346.0,3686400.0,24
