SD,QP,BR,RS,FR
1.3707934628632916,24.875045502471874,16538208.0,8294400.0,24
1.1495626826370975,21.20979113253027,16647477.0,8294400.0,24
0.718906896647928,22.30709381752586,16530785.0,8294400.0,24
1.6547363475126646,23.392357885773002,17008989.0,8294400.0,24
1.4250784029759291,22.892625699111054,16545082.0,8294400.0,24
1.182816757171076,22.781294079912353,16489431.0,8294400.0,24
4.271553019518986,21.9667298228994,16548065.0,8294400.0,24
