SD,QP,BR,RS,FR
0.1924390876651323,13.378209627902228,7980807.0,3686400.0,24
0.997293910718259,21.01814933481007,7988263.0,3686400.0,24
0.1719657453721526,23.619614632652578,7956275.0,3686400.0,24
0.8093467468295144,23.215055973472545,7974642.0,3686400.0,24
0.9332109273283589,22.122224297901493,8066045.0,3686400.0,24
1.7694551200177813,23.447913378716855,7956253.0,3686400.0,24
0.0,20.717559953735922,5802098.0,2073600.0,24
