SD,QP,BR,RS,FR
0.1719657453721526,23.619614632652578,7956275.0,3686400.0,24
0.8093467468295144,23.215055973472545,7974642.0,3686400.0,24
0.9332109273283589,22.122224297901493,8066045.0,3686400.0,24
1.7694551200177813,23.447913378716855,7956253.0,3686400.0,24
0.0,20.717559953735922,5802098.0,2073600.0,24
0.0,21.115190929312902,5705035.0,2073600.0,24
0.0,21.058461414661622,5694090.0,2073600.0,24
