SD,QP,BR,RS,FR
0.0,22.856664139099387,4234904.0,2073600.0,24
0.0,23.264517705477918,4225518.0,2073600.0,24
0.0,21.058461414661622,5694090.0,2073600.0,24
0.0,21.74069427993173,5714108.0,2073600.0,24
0.0,25.26833910034602,4225448.0,2073600.0,24
0.0,27.069878006696577,4236739.0,2073600.0,24
0.0,21.782041165154933,4497907.0,2073600.0,24
