SD,QP,BR,RS,FR
0.0,23.283610676527754,2947965.0,921600.0,24
0.0,19.71123400652711,2955090.0,921600.0,24
0.0,20.592200485871373,2947387.0,921600.0,24
0.0,20.558407745396263,2946164.0,921600.0,24
0.0,21.69119762226999,2956352.0,921600.0,24
0.0,22.80305672761369,2951985.0,921600.0,24
0.0,27.069878006696577,4236739.0,2073600.0,24
