SD,QP,BR,RS,FR
0.0,24.082256843016335,2955563.0,921600.0,24
0.0,25.190594276926454,4225480.0,2073600.0,24
0.0,23.047285759223477,5696520.0,2073600.0,24
0.0,23.878813456570203,5731136.0,2073600.0,24
0.0,23.665062014110458,5696522.0,2073600.0,24
0.0,23.210540432750644,5696522.0,2073600.0,24
0.0,28.003324630823204,5711606.0,2073600.0,24
