SD,QP,BR,RS,FR
0.0,25.08075054340877,2309194.0,921600.0,24
0.0,30.561872379938002,2315784.0,921600.0,24
0.0,28.622035621283647,3082617.0,921600.0,24
0.0,28.51672819971871,2951762.0,921600.0,24
0.0,26.536693057728474,2947976.0,921600.0,24
0.0,23.674138339733567,2947976.0,921600.0,24
0.3678323671673587,20.89413435134954,2315858.0,921600.0,24
