SD,QP,BR,RS,FR
0.0,23.477630948735463,7956266.0,3686400.0,24
0.0,20.711749359422313,7978247.0,3686400.0,24
1.5712236880099582,7.4493628247709225,7956359.0,3686400.0,24
0.0,12.843317300482651,5713378.0,2073600.0,24
0.37038587096668696,20.101412762663333,5718931.0,2073600.0,24
0.0,22.613312079623654,5697664.0,2073600.0,24
1.8805569906036377,21.57543761449216,5710759.0,2073600.0,24
