SD,QP,BR,RS,FR
0.0,22.60443194249102,2948590.0,921600.0,24
0.0,23.38747922260581,2947407.0,921600.0,24
0.0,24.832043627099754,2961889.0,921600.0,24
0.0,23.948062907556576,2947400.0,921600.0,24
0.0,23.254401611047182,2947405.0,921600.0,24
0.0,28.497797441044334,2957916.0,921600.0,24
0.0,28.622035621283647,3082617.0,921600.0,24
