SD,QP,BR,RS,FR
0.5547874407055948,23.585203493161973,5698841.0,2073600.0,24
0.0,25.284713016222533,4223766.0,2073600.0,24
0.0,23.878813456570203,5731136.0,2073600.0,24
0.0,23.665062014110458,5696522.0,2073600.0,24
0.0,23.210540432750644,5696522.0,2073600.0,24
0.0,28.003324630823204,5711606.0,2073600.0,24
0.0,28.181953328798034,5875095.0,2073600.0,24
