SD,QP,BR,RS,FR
0.0,23.047285759223477,5696520.0,2073600.0,24
1.4496126953233457,24.61887122081141,7992487.0,3686400.0,24
2.7496245760160765,23.665062014110458,5696522.0,2073600.0,24
0.0,25.04013363366737,4223760.0,2073600.0,24
0.0,30.77162989696164,4234875.0,2073600.0,24
0.0,31.27498739740508,4375712.0,2073600.0,24
0.0,27.651761255972975,5705116.0,2073600.0,24
