SD,QP,BR,RS,FR
0.33095805678480894,0.00545171339563863,233193.0,57600.0,24
0.0,0.06860095766367989,2948097.0,921600.0,24
0.0,25.337363043446967,4417511.0,2073600.0,24
0.0,28.646182140676345,5692838.0,2073600.0,24
0.0,24.164395509334955,5712516.0,2073600.0,24
0.5547874407055948,23.585203493161973,5698841.0,2073600.0,24
0.0,25.284713016222533,4223766.0,2073600.0,24
