SD,QP,BR,RS,FR
0.0,27.866995839975118,4224597.0,2073600.0,24
0.0,25.25897404566586,4224595.0,2073600.0,24
0.0,21.6165654497093,4236170.0,2073600.0,24
0.0,6.220461879398155,4224692.0,2073600.0,24
0.0,14.067462940232273,4232346.0,2073600.0,24
0.0,22.365835346347197,4236748.0,2073600.0,24
0.0,25.102621815414867,4224612.0,2073600.0,24
