SD,QP,BR,RS,FR
0.0,26.058601276706003,7956270.0,3686400.0,24
0.0,23.477630948735463,7956266.0,3686400.0,24
0.494162890539366,20.711749359422313,7978247.0,3686400.0,24
0.0,7.4493628247709225,7956359.0,3686400.0,24
0.0,13.378209627902228,7980807.0,3686400.0,24
1.1018415261083705,21.01814933481007,7988263.0,3686400.0,24
0.605377078109254,23.619614632652578,7956275.0,3686400.0,24
