SD,QP,BR,RS,FR
0.0,13.326725645331623,1725766.0,499200.0,24
0.0,21.021489277165646,1720423.0,499200.0,24
0.0,24.727416999936523,1724229.0,499200.0,24
0.0,24.33545835596218,2349574.0,921600.0,24
0.0,25.27619589437254,2309621.0,921600.0,24
0.0,19.71123400652711,2955090.0,921600.0,24
0.0,20.592200485871373,2947387.0,921600.0,24
