SD,QP,BR,RS,FR
0.7439987502358152,29.680721409005304,1720410.0,499200.0,24
0.0,25.656821114075633,1033011.0,230400.0,24
0.0,25.406998955465916,1724986.0,499200.0,24
0.0,19.707261476753,1720520.0,499200.0,24
0.0,13.87458082460216,2315066.0,921600.0,24
0.0,13.326725645331623,1725766.0,499200.0,24
0.0,25.61923228875298,2309645.0,921600.0,24
