SD,QP,BR,RS,FR
0.0,28.651299799301505,2309632.0,921600.0,24
0.0,23.674138339733567,2947976.0,921600.0,24
0.0,19.359560645636595,2955975.0,921600.0,24
0.22802133241745004,5.032434140868219,2948075.0,921600.0,24
0.0,13.87458082460216,2315066.0,921600.0,24
0.0,22.03406575909561,2317943.0,921600.0,24
0.0,25.61923228875298,2309645.0,921600.0,24
