SD,QP,BR,RS,FR
4.701869953039488,24.832043627099754,2961889.0,921600.0,24
0.3709312312419435,25.576157141030556,2309192.0,921600.0,24
0.0,24.844008264462808,1720104.0,499200.0,24
0.0,24.275032684316194,1724458.0,499200.0,24
0.0,31.058790436005623,2409425.0,921600.0,24
0.0,30.643993202062827,2312564.0,921600.0,24
0.0,28.651299799301505,2309632.0,921600.0,24
