SD,QP,BR,RS,FR
0.0,6.647203653660773,2309734.0,921600.0,24
0.0,13.87458082460216,2315066.0,921600.0,24
0.0,22.03406575909561,2317943.0,921600.0,24
0.0,25.61923228875298,2309645.0,921600.0,24
0.0,21.923248117812523,2314825.0,921600.0,24
0.0,24.33545835596218,2349574.0,921600.0,24
0.0,23.283610676527754,2947965.0,921600.0,24
