SD,QP,BR,RS,FR
0.0,25.781019693973846,4223770.0,2073600.0,24
0.41005481353453277,25.04013363366737,4223760.0,2073600.0,24
1.347675444803789,30.561872379938002,2315784.0,921600.0,24
2.7263035417202577,29.139407901626104,1790320.0,499200.0,24
2.1606326784405736,30.068391584921205,1722562.0,499200.0,24
0.7439987502358152,29.680721409005304,1720410.0,499200.0,24
0.0,25.656821114075633,1033011.0,230400.0,24
