SD,QP,BR,RS,FR
0.0,30.78331761396542,2307715.0,921600.0,24
0.0,25.767532186519528,2315520.0,921600.0,24
0.0,23.98695733708392,2310124.0,921600.0,24
0.0,23.38747922260581,2947407.0,921600.0,24
0.0,24.832043627099754,2961889.0,921600.0,24
0.0,23.948062907556576,2947400.0,921600.0,24
0.04245462376860587,23.254401611047182,2947405.0,921600.0,24
