SD,QP,BR,RS,FR
0.0,28.164854415851156,551842.0,147456.0,24
0.0,21.302814674256798,552916.0,147456.0,24
0.0,25.016980730331095,569291.0,147456.0,24
0.0,25.220631468728612,551814.0,147456.0,24
0.0,18.6476145735463,763032.0,147456.0,24
0.0,19.755681818181817,738220.0,147456.0,24
0.0,21.69500708510461,551533.0,147456.0,24
