SD,QP,BR,RS,FR
0.0,23.065742167437087,1824445.0,499200.0,24
0.0,30.78331761396542,2307715.0,921600.0,24
0.0,25.767532186519528,2315520.0,921600.0,24
0.0,23.98695733708392,2310124.0,921600.0,24
0.0,25.376828410689168,2309197.0,921600.0,24
0.0,27.033694238781415,2319372.0,921600.0,24
0.0,25.576157141030556,2309192.0,921600.0,24
