SD,QP,BR,RS,FR
0.0,28.579021716213365,737770.0,147456.0,24
0.0,22.254962779156322,740089.0,147456.0,24
0.0,19.485225009956192,738496.0,147456.0,24
0.0,23.22073558162268,738218.0,147456.0,24
0.7865464375613715,24.940268479069452,740969.0,147456.0,24
0.0,26.300362495927008,552082.0,147456.0,24
0.0,25.5147238514174,551744.0,147456.0,24
