SD,QP,BR,RS,FR
0.0,24.275032684316194,1724458.0,499200.0,24
0.0,29.139407901626104,1790320.0,499200.0,24
0.0,30.643993202062827,2312564.0,921600.0,24
0.0,28.651299799301505,2309632.0,921600.0,24
0.0,27.558952695878993,1720423.0,499200.0,24
0.0,25.406998955465916,1724986.0,499200.0,24
0.0,19.707261476753,1720520.0,499200.0,24
