SD,QP,BR,RS,FR
0.0,22.365835346347197,4236748.0,2073600.0,24
0.0,25.102621815414867,4224612.0,2073600.0,24
0.22334500825365566,20.513435922892363,2954661.0,921600.0,24
0.0,24.33545835596218,2349574.0,921600.0,24
0.5623451178440941,23.283610676527754,2947965.0,921600.0,24
0.7848938544183461,21.58852156814551,2315169.0,921600.0,24
0.3488961578873422,22.36255593913822,2312024.0,921600.0,24
