SD,QP,BR,RS,FR
0.0,0.1785236808419855,2309753.0,921600.0,24
0.0,24.52718036950555,2420508.0,921600.0,24
0.0,30.78331761396542,2307715.0,921600.0,24
0.0,25.767532186519528,2315520.0,921600.0,24
0.0,23.98695733708392,2310124.0,921600.0,24
0.0,25.376828410689168,2309197.0,921600.0,24
0.0,24.832043627099754,2961889.0,921600.0,24
