SD,QP,BR,RS,FR
1.719209408024028,27.663808835555802,17383027.0,8294400.0,24
1.010370402156565,26.990209011312572,16521776.0,8294400.0,24
1.0193940167187092,24.89541455328677,16499897.0,8294400.0,24
1.5728014360855234,22.921424230869015,16499901.0,8294400.0,24
1.4792251366180231,20.912563075129324,16545700.0,8294400.0,24
0.7417953912164617,6.790854179834481,16499994.0,8294400.0,24
0.8077869866209397,14.099311355923644,16660737.0,8294400.0,24
