SD,QP,BR,RS,FR
0.27628374205366946,25.767532186519528,2315520.0,921600.0,24
0.0,23.98695733708392,2310124.0,921600.0,24
0.0,25.376828410689168,2309197.0,921600.0,24
0.0,23.732840733996362,1727222.0,499200.0,24
0.0,25.576157141030556,2309192.0,921600.0,24
0.0,25.08075054340877,2309194.0,921600.0,24
0.0,24.275032684316194,1724458.0,499200.0,24
