SD,QP,BR,RS,FR
1.0820737207192899,24.875045502471874,16538208.0,8294400.0,24
0.5188941688051347,21.20979113253027,16647477.0,8294400.0,24
0.08626832759212189,22.30709381752586,16530785.0,8294400.0,24
1.8726586528132865,23.392357885773002,17008989.0,8294400.0,24
1.022348688716166,22.892625699111054,16545082.0,8294400.0,24
0.7781885817072132,22.781294079912353,16489431.0,8294400.0,24
1.1190276955695513,21.9667298228994,16548065.0,8294400.0,24
