SD,QP,BR,RS,FR
0.0,25.61923228875298,2309645.0,921600.0,24
0.0,20.513435922892363,2954661.0,921600.0,24
0.0,22.231777861330436,3009660.0,921600.0,24
0.0,25.27619589437254,2309621.0,921600.0,24
0.5465474059074396,19.71123400652711,2955090.0,921600.0,24
0.16893768728832725,22.36255593913822,2312024.0,921600.0,24
0.0770456833498212,22.349259150230594,2308232.0,921600.0,24
