SD,QP,BR,RS,FR
0.0,30.561872379938002,2315784.0,921600.0,24
0.0,29.139407901626104,1790320.0,499200.0,24
0.0,30.643993202062827,2312564.0,921600.0,24
0.0,28.651299799301505,2309632.0,921600.0,24
0.0,25.86192575736026,2309632.0,921600.0,24
0.4053516164132205,20.89413435134954,2315858.0,921600.0,24
0.0,6.647203653660773,2309734.0,921600.0,24
