SD,QP,BR,RS,FR
0.0,25.5147238514174,551744.0,147456.0,24
0.0,28.78212757072763,552946.0,147456.0,24
0.0,30.817328507044255,565464.0,147456.0,24
0.0,29.610289725209082,739198.0,147456.0,24
0.0,27.874813740888406,738345.0,147456.0,24
0.0,25.166525713825465,738358.0,147456.0,24
0.0,19.104778972520908,740183.0,147456.0,24
