SD,QP,BR,RS,FR
0.0,28.78212757072763,552946.0,147456.0,24
0.0,28.662390432591646,764694.0,147456.0,24
0.0,29.610289725209082,739198.0,147456.0,24
0.0,27.874813740888406,738345.0,147456.0,24
0.0,28.269018565502797,551836.0,147456.0,24
0.0,21.543556920976275,553141.0,147456.0,24
0.0,2.6464097297732674,551941.0,147456.0,24
