SD,QP,BR,RS,FR
0.0,29.05924692728245,7949488.0,3686400.0,24
0.059132468758918755,24.781324248777075,7977086.0,3686400.0,24
0.0,24.977589098532498,7957900.0,3686400.0,24
0.0,24.333514389174766,7954662.0,3686400.0,24
0.0,24.61887122081141,7992487.0,3686400.0,24
0.0,24.584703163712604,7954660.0,3686400.0,24
0.0,24.015625595578424,7959229.0,3686400.0,24
