SD,QP,BR,RS,FR
0.0,24.17209420427855,1734634.0,499200.0,24
0.0,20.16496875950554,1722868.0,499200.0,24
0.0,20.733009992062378,1719386.0,499200.0,24
0.0,20.643554185927066,1725187.0,499200.0,24
0.0,22.36105377406944,1721331.0,499200.0,24
0.0,23.382577184272108,1725197.0,499200.0,24
0.0,23.197759494529567,1798480.0,499200.0,24
