SD,QP,BR,RS,FR
0.0,25.337363043446967,4417511.0,2073600.0,24
0.0,28.646182140676345,5692838.0,2073600.0,24
0.0,24.164395509334955,5712516.0,2073600.0,24
0.0,23.585203493161973,5698841.0,2073600.0,24
0.0,23.047285759223477,5696520.0,2073600.0,24
0.0,26.40780551954411,4246721.0,2073600.0,24
0.0,25.781019693973846,4223770.0,2073600.0,24
