SD,QP,BR,RS,FR
0.0,22.03406575909561,2317943.0,921600.0,24
0.0,25.61923228875298,2309645.0,921600.0,24
0.0,21.923248117812523,2314825.0,921600.0,24
0.0,24.33545835596218,2349574.0,921600.0,24
0.0,25.27619589437254,2309621.0,921600.0,24
0.0,21.58852156814551,2315169.0,921600.0,24
0.0,22.36255593913822,2312024.0,921600.0,24
