SD,QP,BR,RS,FR
0.0,25.27619589437254,2309621.0,921600.0,24
0.5033541013233478,21.58852156814551,2315169.0,921600.0,24
0.0,22.36255593913822,2312024.0,921600.0,24
0.0,22.349259150230594,2308232.0,921600.0,24
0.10335256826890049,23.749327282859646,2316143.0,921600.0,24
0.043883258680848414,24.991592436318175,2312945.0,921600.0,24
0.0,23.382577184272108,1725197.0,499200.0,24
