SD,QP,BR,RS,FR
0.0,26.09616988527242,11507664.0,8294400.0,24
0.0,26.566264664861762,11419794.0,8294400.0,24
0.0,24.257588074009632,11538432.0,8294400.0,24
0.0,25.238774056836206,11393372.0,8294400.0,24
0.023014810011916964,25.624528367177756,11421541.0,8294400.0,24
0.0,25.122440232168266,11408040.0,8294400.0,24
0.0,25.324649072542428,11386205.0,8294400.0,24
