SD,QP,BR,RS,FR
0.24133252887753365,25.86192575736026,2309632.0,921600.0,24
0.0,25.406998955465916,1724986.0,499200.0,24
0.0,19.707261476753,1720520.0,499200.0,24
0.0,13.87458082460216,2315066.0,921600.0,24
0.0,22.03406575909561,2317943.0,921600.0,24
0.0,25.61923228875298,2309645.0,921600.0,24
0.0,24.727416999936523,1724229.0,499200.0,24
