SD,QP,BR,RS,FR
0.0,31.963410991636803,552418.0,147456.0,24
0.0,30.44881398252185,551820.0,147456.0,24
0.0,28.269018565502797,551836.0,147456.0,24
0.0,21.543556920976275,553141.0,147456.0,24
0.0,1.6085940960895653,738470.0,147456.0,24
0.0,9.738190165518906,741734.0,147456.0,24
0.0,20.02338202475147,745682.0,147456.0,24
