SD,QP,BR,RS,FR
0.12571425781030232,22.411681803946138,776386.0,147456.0,24
0.0,31.057537423571578,551419.0,147456.0,24
0.0,22.254962779156322,740089.0,147456.0,24
0.0,19.485225009956192,738496.0,147456.0,24
0.0,25.371639784946236,551731.0,147456.0,24
0.0,27.094813011428954,553695.0,147456.0,24
0.0,26.300362495927008,552082.0,147456.0,24
