SD,QP,BR,RS,FR
0.0,24.832043627099754,2961889.0,921600.0,24
0.0,23.948062907556576,2947400.0,921600.0,24
0.0,23.254401611047182,2947405.0,921600.0,24
0.005454146872734711,30.561872379938002,2315784.0,921600.0,24
1.1190637728054398,31.058790436005623,2409425.0,921600.0,24
0.6864891853332882,30.643993202062827,2312564.0,921600.0,24
0.0,28.651299799301505,2309632.0,921600.0,24
