SD,QP,BR,RS,FR
0.0,24.584703163712604,7954660.0,3686400.0,24
0.0,24.015625595578424,7959229.0,3686400.0,24
0.0,28.535480653762384,7975825.0,3686400.0,24
0.0,28.671588102206453,8413071.0,3686400.0,24
0.0,28.24459366992779,7966738.0,3686400.0,24
0.0,26.058601276706003,7956270.0,3686400.0,24
0.0,23.477630948735463,7956266.0,3686400.0,24
