SD,QP,BR,RS,FR
0.0,19.212719647502258,1035653.0,230400.0,24
0.0,2.320782132702015,1033117.0,230400.0,24
0.0,11.409104004609622,1038666.0,230400.0,24
0.0,20.246566121873748,1036908.0,230400.0,24
0.0,25.37631054826951,1033018.0,230400.0,24
0.0,19.525094541718584,1035211.0,230400.0,24
0.0,22.66669978034593,1065252.0,230400.0,24
