SD,QP,BR,RS,FR
0.0,28.269018565502797,551836.0,147456.0,24
0.0,21.543556920976275,553141.0,147456.0,24
0.0,2.6464097297732674,551941.0,147456.0,24
0.0,9.738190165518906,741734.0,147456.0,24
0.0,20.02338202475147,745682.0,147456.0,24
0.0,25.534191132052676,738365.0,147456.0,24
0.0,19.42633003021997,739873.0,147456.0,24
