SD,QP,BR,RS,FR
0.45926932568078715,23.065742167437087,1824445.0,499200.0,24
0.0,29.37283905858183,1719007.0,499200.0,24
0.0,24.26222294654498,1724760.0,499200.0,24
0.0,24.26222294654498,1720770.0,499200.0,24
0.0,25.376828410689168,2309197.0,921600.0,24
0.0,24.832043627099754,2961889.0,921600.0,24
0.0,23.948062907556576,2947400.0,921600.0,24
