SD,QP,BR,RS,FR
0.0,31.27498739740508,4375712.0,2073600.0,24
0.0,30.413565610067554,4230088.0,2073600.0,24
0.0,27.866995839975118,4224597.0,2073600.0,24
0.0,25.25897404566586,4224595.0,2073600.0,24
0.0,21.6165654497093,4236170.0,2073600.0,24
0.0,6.220461879398155,4224692.0,2073600.0,24
0.0,14.067462940232273,4232346.0,2073600.0,24
