SD,QP,BR,RS,FR
0.0,21.923248117812523,2314825.0,921600.0,24
0.0,24.33545835596218,2349574.0,921600.0,24
0.0,23.283610676527754,2947965.0,921600.0,24
0.0,19.71123400652711,2955090.0,921600.0,24
0.0,20.592200485871373,2947387.0,921600.0,24
0.0,20.558407745396263,2946164.0,921600.0,24
0.0,23.749327282859646,2316143.0,921600.0,24
