SD,QP,BR,RS,FR
0.07373599254529584,25.08075054340877,2309194.0,921600.0,24
0.0,24.275032684316194,1724458.0,499200.0,24
0.0,29.139407901626104,1790320.0,499200.0,24
0.0,30.643993202062827,2312564.0,921600.0,24
0.0,26.536693057728474,2947976.0,921600.0,24
0.0,25.25897404566586,4224595.0,2073600.0,24
0.0,19.697608455146767,5713338.0,2073600.0,24
