SD,QP,BR,RS,FR
0.0,29.139407901626104,1790320.0,499200.0,24
0.0,30.643993202062827,2312564.0,921600.0,24
0.0,26.536693057728474,2947976.0,921600.0,24
0.0,25.25897404566586,4224595.0,2073600.0,24
0.0,19.697608455146767,5713338.0,2073600.0,24
0.0,4.322092287013946,5697755.0,2073600.0,24
0.0,12.843317300482651,5713378.0,2073600.0,24
