SD,QP,BR,RS,FR
0.0,25.04013363366737,4223760.0,2073600.0,24
0.0,30.77162989696164,4234875.0,2073600.0,24
0.0,31.27498739740508,4375712.0,2073600.0,24
0.0,30.413565610067554,4230088.0,2073600.0,24
0.0,27.866995839975118,4224597.0,2073600.0,24
0.0,25.25897404566586,4224595.0,2073600.0,24
0.0,19.697608455146767,5713338.0,2073600.0,24
