SD,QP,BR,RS,FR
0.0,26.8348966475595,241670.0,57600.0,24
0.0,26.03553124383993,232936.0,57600.0,24
6.2925369944190965,20.811644455164927,370811.0,82944.0,24
1.7738728762743792,22.661881977671452,232575.0,57600.0,24
2.0044785685087287,23.81278049775602,232645.0,57600.0,24
5.545450427709424,23.161618669314795,233006.0,57600.0,24
0.0,25.371198830409362,232640.0,57600.0,24
