SD,QP,BR,RS,FR
0.0,23.278029045971017,2947978.0,921600.0,24
0.0,20.513435922892363,2954661.0,921600.0,24
0.0,22.231777861330436,3009660.0,921600.0,24
0.0,23.283610676527754,2947965.0,921600.0,24
0.0,22.856664139099387,4234904.0,2073600.0,24
0.0,21.115190929312902,5705035.0,2073600.0,24
0.0,21.058461414661622,5694090.0,2073600.0,24
