SD,QP,BR,RS,FR
0.0,23.732840733996362,1727222.0,499200.0,24
0.0,25.576157141030556,2309192.0,921600.0,24
0.0,25.08075054340877,2309194.0,921600.0,24
0.0,30.561872379938002,2315784.0,921600.0,24
1.0242865945071706,31.058790436005623,2409425.0,921600.0,24
0.3828579075794307,30.068391584921205,1722562.0,499200.0,24
0.5375259959354706,29.680721409005304,1720410.0,499200.0,24
