SD,QP,BR,RS,FR
0.0,22.65419791971079,1089236.0,230400.0,24
0.0,28.48607777559184,1032171.0,230400.0,24
0.0,22.89042534945545,1035520.0,230400.0,24
0.0,20.17428465254552,1033205.0,230400.0,24
0.0,23.423570994223166,1033944.0,230400.0,24
0.0,25.25722008371721,1035782.0,230400.0,24
0.0,24.009488699706086,1033477.0,230400.0,24
