SD,QP,BR,RS,FR
0.19076359339948645,22.365835346347197,4236748.0,2073600.0,24
0.0,25.102621815414867,4224612.0,2073600.0,24
0.0,23.16493535130315,4234266.0,2073600.0,24
0.0,24.14826157603403,4301356.0,2073600.0,24
0.0,25.372243080973302,4224584.0,2073600.0,24
0.0,22.856664139099387,4234904.0,2073600.0,24
0.0,23.264517705477918,4225518.0,2073600.0,24
