SD,QP,BR,RS,FR
0.0,4.648505623748434,1723808.0,499200.0,24
0.0,13.326725645331623,1725766.0,499200.0,24
0.0,25.61923228875298,2309645.0,921600.0,24
0.0,21.923248117812523,2314825.0,921600.0,24
0.0,20.386391331057332,1763008.0,499200.0,24
0.0,23.27656155446053,1720404.0,499200.0,24
0.0,24.17209420427855,1734634.0,499200.0,24
