SD,QP,BR,RS,FR
0.0,0.010940272028385569,232755.0,57600.0,24
0.0,26.24693408277977,239988.0,57600.0,24
0.0,31.063975155279504,369866.0,82944.0,24
0.0,23.59698996655518,370881.0,82944.0,24
0.0,19.516569200779724,232633.0,57600.0,24
0.0,25.61637759170654,232573.0,57600.0,24
0.0,26.838187038556192,370934.0,82944.0,24
