SD,QP,BR,RS,FR
0.39454883227974946,30.561872379938002,2315784.0,921600.0,24
1.877732396754599,29.139407901626104,1790320.0,499200.0,24
3.9893040271139553,30.068391584921205,1722562.0,499200.0,24
0.9223624912949724,27.593889744842354,1032996.0,230400.0,24
0.5750631067704255,25.656821114075633,1033011.0,230400.0,24
0.0,19.104778972520908,740183.0,147456.0,24
0.0,1.6085940960895653,738470.0,147456.0,24
