SD,QP,BR,RS,FR
0.20580562064175822,23.948062907556576,2947400.0,921600.0,24
0.11730083299206129,23.254401611047182,2947405.0,921600.0,24
0.0,30.561872379938002,2315784.0,921600.0,24
0.0,31.058790436005623,2409425.0,921600.0,24
0.0,30.643993202062827,2312564.0,921600.0,24
0.0,28.651299799301505,2309632.0,921600.0,24
0.0,23.674138339733567,2947976.0,921600.0,24
