SD,QP,BR,RS,FR
0.0,0.1785236808419855,2309753.0,921600.0,24
0.0,22.89259486843363,3074410.0,921600.0,24
0.0,28.97683130636221,2945528.0,921600.0,24
0.0,24.082256843016335,2955563.0,921600.0,24
0.0,22.60443194249102,2948590.0,921600.0,24
0.0,23.38747922260581,2947407.0,921600.0,24
0.0,24.832043627099754,2961889.0,921600.0,24
