SD,QP,BR,RS,FR
0.0,23.517004724666013,738231.0,147456.0,24
0.0,26.939624873856005,739943.0,147456.0,24
0.0,28.662390432591646,764694.0,147456.0,24
0.6229668893735418,29.610289725209082,739198.0,147456.0,24
0.0,30.44881398252185,551820.0,147456.0,24
0.0,27.892665224370155,370109.0,82944.0,24
0.0,21.543556920976275,553141.0,147456.0,24
