SD,QP,BR,RS,FR
0.0,28.622035621283647,3082617.0,921600.0,24
0.0,28.51672819971871,2951762.0,921600.0,24
0.0,26.536693057728474,2947976.0,921600.0,24
0.0,25.25897404566586,4224595.0,2073600.0,24
0.0,21.6165654497093,4236170.0,2073600.0,24
0.0,6.220461879398155,4224692.0,2073600.0,24
0.0,12.68170167038038,2948438.0,921600.0,24
