SD,QP,BR,RS,FR
0.0,27.558952695878993,1720423.0,499200.0,24
0.13159781060177167,25.406998955465916,1724986.0,499200.0,24
0.0,19.707261476753,1720520.0,499200.0,24
0.0,4.648505623748434,1723808.0,499200.0,24
0.0,20.246566121873748,1036908.0,230400.0,24
0.0,21.021489277165646,1720423.0,499200.0,24
0.0,19.525094541718584,1035211.0,230400.0,24
