SD,QP,BR,RS,FR
0.0,26.40780551954411,4246721.0,2073600.0,24
0.0,25.781019693973846,4223770.0,2073600.0,24
0.0,25.04013363366737,4223760.0,2073600.0,24
0.0,28.003324630823204,5711606.0,2073600.0,24
0.0,28.181953328798034,5875095.0,2073600.0,24
0.0,27.651761255972975,5705116.0,2073600.0,24
0.34897491949459436,25.428000744250113,5697664.0,2073600.0,24
