SD,QP,BR,RS,FR
0.0,27.094813011428954,553695.0,147456.0,24
0.0,26.300362495927008,552082.0,147456.0,24
0.0,23.517004724666013,738231.0,147456.0,24
0.0,26.939624873856005,739943.0,147456.0,24
0.0,28.662390432591646,764694.0,147456.0,24
0.6229668893735418,29.610289725209082,739198.0,147456.0,24
0.0,30.44881398252185,551820.0,147456.0,24
