SD,QP,BR,RS,FR
0.5750631067704255,25.656821114075633,1033011.0,230400.0,24
0.0,19.104778972520908,740183.0,147456.0,24
0.0,1.6085940960895653,738470.0,147456.0,24
0.0,9.738190165518906,741734.0,147456.0,24
0.0,20.246566121873748,1036908.0,230400.0,24
0.0,25.37631054826951,1033018.0,230400.0,24
0.0,24.727416999936523,1724229.0,499200.0,24
