SD,QP,BR,RS,FR
0.0,14.067462940232273,4232346.0,2073600.0,24
0.0,22.365835346347197,4236748.0,2073600.0,24
0.0,25.102621815414867,4224612.0,2073600.0,24
0.0,23.16493535130315,4234266.0,2073600.0,24
0.0,24.14826157603403,4301356.0,2073600.0,24
0.0,25.372243080973302,4224584.0,2073600.0,24
0.0,20.717559953735922,5802098.0,2073600.0,24
