SD,QP,BR,RS,FR
0.0,24.52718036950555,2420508.0,921600.0,24
0.0,30.78331761396542,2307715.0,921600.0,24
0.0,24.082256843016335,2955563.0,921600.0,24
0.0,22.60443194249102,2948590.0,921600.0,24
0.0,25.284713016222533,4223766.0,2073600.0,24
0.0,26.40780551954411,4246721.0,2073600.0,24
0.0,25.781019693973846,4223770.0,2073600.0,24
