SD,QP,BR,RS,FR
0.0,25.372243080973302,4224584.0,2073600.0,24
0.0,22.856664139099387,4234904.0,2073600.0,24
0.0,23.264517705477918,4225518.0,2073600.0,24
0.0,23.33666038234719,4221990.0,2073600.0,24
0.0,21.69119762226999,2956352.0,921600.0,24
0.0,22.80305672761369,2951985.0,921600.0,24
0.3679628416458076,27.069878006696577,4236739.0,2073600.0,24
