SD,QP,BR,RS,FR
0.0,26.8348966475595,241670.0,57600.0,24
0.0,26.03553124383993,232936.0,57600.0,24
0.0,20.811644455164927,370811.0,82944.0,24
0.0,22.661881977671452,232575.0,57600.0,24
0.0,23.81278049775602,232645.0,57600.0,24
0.0,23.161618669314795,233006.0,57600.0,24
0.0,24.840342493030665,551933.0,147456.0,24
