SD,QP,BR,RS,FR
0.0,24.009488699706086,1033477.0,230400.0,24
0.0,23.76137630485456,1032826.0,230400.0,24
0.0,26.939624873856005,739943.0,147456.0,24
0.0,28.662390432591646,764694.0,147456.0,24
0.0,29.616592344853217,1034242.0,230400.0,24
0.0,27.593889744842354,1032996.0,230400.0,24
0.0,25.656821114075633,1033011.0,230400.0,24
