SD,QP,BR,RS,FR
0.0,21.58852156814551,2315169.0,921600.0,24
0.0,22.36255593913822,2312024.0,921600.0,24
0.0,22.349259150230594,2308232.0,921600.0,24
0.0,20.643554185927066,1725187.0,499200.0,24
0.0,24.991592436318175,2312945.0,921600.0,24
0.0016542663862226803,25.509542764641886,2316148.0,921600.0,24
0.9668030395264662,21.054510023215226,2429109.0,921600.0,24
