SD,QP,BR,RS,FR
0.0,20.811644455164927,370811.0,82944.0,24
0.0,22.661881977671452,232575.0,57600.0,24
0.0,23.81278049775602,232645.0,57600.0,24
0.0,23.161618669314795,233006.0,57600.0,24
0.0,24.840342493030665,551933.0,147456.0,24
0.0,22.401043309985067,1035763.0,230400.0,24
0.0,19.045130354192693,1082304.0,230400.0,24
