SD,QP,BR,RS,FR
0.0,0.020055575691675726,551961.0,147456.0,24
0.0,22.411681803946138,776386.0,147456.0,24
0.0,28.48607777559184,1032171.0,230400.0,24
0.0,22.89042534945545,1035520.0,230400.0,24
0.0,20.17428465254552,1033205.0,230400.0,24
0.0,23.423570994223166,1033944.0,230400.0,24
0.0,25.25722008371721,1035782.0,230400.0,24
