SD,QP,BR,RS,FR
0.0,22.89042534945545,1035520.0,230400.0,24
0.0,20.17428465254552,1033205.0,230400.0,24
0.0,23.423570994223166,1033944.0,230400.0,24
0.0,25.25722008371721,1035782.0,230400.0,24
0.0,25.76573053851596,1720104.0,499200.0,24
0.0,24.844008264462808,1720104.0,499200.0,24
0.0,24.275032684316194,1724458.0,499200.0,24
