SD,QP,BR,RS,FR
3.520759092293826,31.27498739740508,4375712.0,2073600.0,24
0.004669743357536227,28.51672819971871,2951762.0,921600.0,24
0.0,26.536693057728474,2947976.0,921600.0,24
0.0,23.674138339733567,2947976.0,921600.0,24
0.0,19.359560645636595,2955975.0,921600.0,24
0.0,5.032434140868219,2948075.0,921600.0,24
0.0,14.067462940232273,4232346.0,2073600.0,24
