SD,QP,BR,RS,FR
0.0,24.584703163712604,7954660.0,3686400.0,24
0.0,23.210540432750644,5696522.0,2073600.0,24
1.6842749891349946,30.77162989696164,4234875.0,2073600.0,24
3.520759092293826,31.27498739740508,4375712.0,2073600.0,24
0.004669743357536227,28.51672819971871,2951762.0,921600.0,24
0.0,26.536693057728474,2947976.0,921600.0,24
0.0,23.674138339733567,2947976.0,921600.0,24
