SD,QP,BR,RS,FR
0.0,25.76573053851596,1720104.0,499200.0,24
0.0,24.844008264462808,1720104.0,499200.0,24
0.0,24.275032684316194,1724458.0,499200.0,24
0.0,29.317317350464148,1067784.0,230400.0,24
0.0,29.616592344853217,1034242.0,230400.0,24
0.0,27.593889744842354,1032996.0,230400.0,24
0.0,25.656821114075633,1033011.0,230400.0,24
