SD,QP,BR,RS,FR
0.0,29.317317350464148,1067784.0,230400.0,24
0.0,29.616592344853217,1034242.0,230400.0,24
0.0,29.680721409005304,1720410.0,499200.0,24
0.0,25.656821114075633,1033011.0,230400.0,24
2.036476515472131,19.212719647502258,1035653.0,230400.0,24
3.841324359021087,2.320782132702015,1033117.0,230400.0,24
0.0,9.738190165518906,741734.0,147456.0,24
