SD,QP,BR,RS,FR
0.0,23.98695733708392,2310124.0,921600.0,24
0.0,25.376828410689168,2309197.0,921600.0,24
2.7713261460283984,27.033694238781415,2319372.0,921600.0,24
0.36616519533729175,25.76573053851596,1720104.0,499200.0,24
0.0,23.76137630485456,1032826.0,230400.0,24
0.0,24.275032684316194,1724458.0,499200.0,24
1.2621150372391101,29.139407901626104,1790320.0,499200.0,24
