SD,QP,BR,RS,FR
0.0,25.656821114075633,1033011.0,230400.0,24
0.0,25.406998955465916,1724986.0,499200.0,24
1.5788490955134336,19.707261476753,1720520.0,499200.0,24
0.0,9.738190165518906,741734.0,147456.0,24
0.0,20.246566121873748,1036908.0,230400.0,24
0.0,25.37631054826951,1033018.0,230400.0,24
0.0,19.42633003021997,739873.0,147456.0,24
