SD,QP,BR,RS,FR
0.0,19.525094541718584,1035211.0,230400.0,24
0.0,22.66669978034593,1065252.0,230400.0,24
0.0,23.27656155446053,1720404.0,499200.0,24
0.0,24.17209420427855,1734634.0,499200.0,24
0.0,20.16496875950554,1722868.0,499200.0,24
0.0,20.733009992062378,1719386.0,499200.0,24
0.0,20.643554185927066,1725187.0,499200.0,24
