SD,QP,BR,RS,FR
0.0,19.485225009956192,738496.0,147456.0,24
0.0,23.423570994223166,1033944.0,230400.0,24
5.845355256941731,25.25722008371721,1035782.0,230400.0,24
4.710258548896341,26.300362495927008,552082.0,147456.0,24
0.0,25.152138622247318,370069.0,82944.0,24
0.0,27.791051076403544,370787.0,82944.0,24
0.0,31.14451971512941,240195.0,57600.0,24
