SD,QP,BR,RS,FR
0.0,31.14451971512941,240195.0,57600.0,24
0.0,32.11413043478261,370468.0,82944.0,24
0.3048536632967416,30.301242236024848,370109.0,82944.0,24
0.0,29.75542085550956,232604.0,57600.0,24
0.0,21.585421888053467,233009.0,57600.0,24
0.0,1.5372560615020698,232732.0,57600.0,24
0.0,9.50778142229046,373804.0,82944.0,24
