SD,QP,BR,RS,FR
0.0,25.04013363366737,4223760.0,2073600.0,24
0.0,28.003324630823204,5711606.0,2073600.0,24
0.0,28.181953328798034,5875095.0,2073600.0,24
3.535442722531225,27.651761255972975,5705116.0,2073600.0,24
1.066623675411229,27.866995839975118,4224597.0,2073600.0,24
0.0,23.674138339733567,2947976.0,921600.0,24
0.0,19.359560645636595,2955975.0,921600.0,24
