SD,QP,BR,RS,FR
0.0,9.738190165518906,741734.0,147456.0,24
1.267250145510836,20.02338202475147,745682.0,147456.0,24
0.4099012837078764,25.534191132052676,738365.0,147456.0,24
0.0,21.302814674256798,552916.0,147456.0,24
0.0,25.016980730331095,569291.0,147456.0,24
0.0,23.207240948813983,738343.0,147456.0,24
0.0,18.6476145735463,763032.0,147456.0,24
