SD,QP,BR,RS,FR
0.0,22.411681803946138,776386.0,147456.0,24
0.0,31.057537423571578,551419.0,147456.0,24
0.0,24.080696856906535,553067.0,147456.0,24
0.20709012140813154,21.080326563122263,551938.0,147456.0,24
1.366354403554567,24.506175889328063,370051.0,82944.0,24
1.8027972543110682,27.537115193644485,233285.0,57600.0,24
1.9557707826951303,26.434310207336527,232581.0,57600.0,24
