SD,QP,BR,RS,FR
1.8027972543110682,27.537115193644485,233285.0,57600.0,24
1.9557707826951303,26.434310207336527,232581.0,57600.0,24
0.0,26.242474082934617,232594.0,57600.0,24
0.0,28.352197240674503,232938.0,57600.0,24
0.0,31.14451971512941,240195.0,57600.0,24
0.0,31.963410991636803,552418.0,147456.0,24
0.0,30.44881398252185,551820.0,147456.0,24
