SD,QP,BR,RS,FR
0.0,25.37631054826951,1033018.0,230400.0,24
0.0,19.525094541718584,1035211.0,230400.0,24
0.0,22.66669978034593,1065252.0,230400.0,24
0.43218309832814494,23.494419600916913,1032994.0,230400.0,24
2.045037040659615,18.6476145735463,763032.0,147456.0,24
1.4220985801932207,19.755681818181817,738220.0,147456.0,24
0.0,21.69500708510461,551533.0,147456.0,24
