SD,QP,BR,RS,FR
0.0,19.212719647502258,1035653.0,230400.0,24
0.0,2.320782132702015,1033117.0,230400.0,24
0.036436412417929276,11.409104004609622,1038666.0,230400.0,24
0.3430194017514303,22.302850476770136,559855.0,147456.0,24
0.0,28.164854415851156,551842.0,147456.0,24
0.0,19.42633003021997,739873.0,147456.0,24
0.0,22.705560878668514,754466.0,147456.0,24
