SD,QP,BR,RS,FR
0.0,25.166525713825465,738358.0,147456.0,24
0.0,19.104778972520908,740183.0,147456.0,24
0.0,1.6085940960895653,738470.0,147456.0,24
0.0,11.409104004609622,1038666.0,230400.0,24
0.0,20.246566121873748,1036908.0,230400.0,24
0.0,25.37631054826951,1033018.0,230400.0,24
0.0,19.525094541718584,1035211.0,230400.0,24
