SD,QP,BR,RS,FR
0.0,18.6476145735463,763032.0,147456.0,24
0.0,19.73230211817168,1032813.0,230400.0,24
0.0,19.61513831635166,1032401.0,230400.0,24
0.0,21.255190256830943,1035950.0,230400.0,24
0.0,22.82507122507123,1033196.0,230400.0,24
1.5246909734746028,22.401043309985067,1035763.0,230400.0,24
0.0,18.61979099192469,774275.0,147456.0,24
