SD,QP,BR,RS,FR
0.0,27.593889744842354,1032996.0,230400.0,24
0.0,25.166525713825465,738358.0,147456.0,24
0.0,19.212719647502258,1035653.0,230400.0,24
0.7331262531227543,2.320782132702015,1033117.0,230400.0,24
0.0,9.738190165518906,741734.0,147456.0,24
1.267250145510836,20.02338202475147,745682.0,147456.0,24
0.4099012837078764,25.534191132052676,738365.0,147456.0,24
