SD,QP,BR,RS,FR
0.0,29.37283905858183,1719007.0,499200.0,24
0.0,25.767532186519528,2315520.0,921600.0,24
0.0,23.98695733708392,2310124.0,921600.0,24
0.0,23.38747922260581,2947407.0,921600.0,24
0.0,24.832043627099754,2961889.0,921600.0,24
0.2948148524031673,23.948062907556576,2947400.0,921600.0,24
0.017369810688961707,25.08075054340877,2309194.0,921600.0,24
