SD,QP,BR,RS,FR
0.0,19.965915664888673,2956354.0,921600.0,24
0.0,23.278029045971017,2947978.0,921600.0,24
0.0,20.513435922892363,2954661.0,921600.0,24
1.9714217570173966,22.231777861330436,3009660.0,921600.0,24
0.5109833814108011,25.27619589437254,2309621.0,921600.0,24
25.190235370508795,21.58852156814551,2315169.0,921600.0,24
9.792591315845097,19.73230211817168,1032813.0,230400.0,24
