SD,QP,BR,RS,FR
0.0,22.251547987616103,232943.0,57600.0,24
6.464360173759854,24.14826157603403,4301356.0,2073600.0,24
0.0,26.03553124383993,232936.0,57600.0,24
5.288709612466082,19.71123400652711,2955090.0,921600.0,24
0.0,22.661881977671452,232575.0,57600.0,24
4.062017552785737,20.558407745396263,2946164.0,921600.0,24
0.0,23.161618669314795,233006.0,57600.0,24
