SD,QP,BR,RS,FR
0.0,19.516569200779724,232633.0,57600.0,24
1.6615406813696465,21.92004223021172,1720095.0,499200.0,24
0.0,27.537115193644485,233285.0,57600.0,24
3.182112203796101,25.576157141030556,2309192.0,921600.0,24
0.0,26.242474082934617,232594.0,57600.0,24
3.1112022254416987,30.561872379938002,2315784.0,921600.0,24
0.0,31.14451971512941,240195.0,57600.0,24
