SD,QP,BR,RS,FR
0.0,23.254401611047182,2947405.0,921600.0,24
0.0,30.561872379938002,2315784.0,921600.0,24
0.0,28.622035621283647,3082617.0,921600.0,24
0.0,30.068391584921205,1722562.0,499200.0,24
0.0,26.536693057728474,2947976.0,921600.0,24
0.0,23.674138339733567,2947976.0,921600.0,24
0.0,25.406998955465916,1724986.0,499200.0,24
