SD,QP,BR,RS,FR
0.0,20.246566121873748,1036908.0,230400.0,24
0.0,25.534191132052676,738365.0,147456.0,24
0.0,20.513435922892363,2954661.0,921600.0,24
0.0,26.8348966475595,241670.0,57600.0,24
0.0,23.283610676527754,2947965.0,921600.0,24
0.0,22.64290580820985,237099.0,57600.0,24
0.0,20.592200485871373,2947387.0,921600.0,24
