SD,QP,BR,RS,FR
6.582729915061251,14.067462940232273,4232346.0,2073600.0,24
0.0,23.438761999337967,237005.0,57600.0,24
0.0,23.278029045971017,2947978.0,921600.0,24
0.0,21.084764340518813,370772.0,82944.0,24
1.0784666099089275,24.14826157603403,4301356.0,2073600.0,24
0.0,26.03553124383993,232936.0,57600.0,24
0.0,19.71123400652711,2955090.0,921600.0,24
