SD,QP,BR,RS,FR
0.0,25.284713016222533,4223766.0,2073600.0,24
0.0,24.832043627099754,2961889.0,921600.0,24
0.0,23.948062907556576,2947400.0,921600.0,24
0.0,25.04013363366737,4223760.0,2073600.0,24
0.0,28.497797441044334,2957916.0,921600.0,24
0.0,28.622035621283647,3082617.0,921600.0,24
0.0,28.51672819971871,2951762.0,921600.0,24
