SD,QP,BR,RS,FR
0.0,29.37283905858183,1719007.0,499200.0,24
0.0,26.17728929807217,4235553.0,2073600.0,24
0.0,19.516569200779724,232633.0,57600.0,24
0.0,25.284713016222533,4223766.0,2073600.0,24
0.0,25.25722008371721,1035782.0,230400.0,24
0.0,25.781019693973846,4223770.0,2073600.0,24
0.0,26.242474082934617,232594.0,57600.0,24
