SD,QP,BR,RS,FR
0.0,29.540360733293905,232630.0,57600.0,24
0.0,20.513435922892363,2954661.0,921600.0,24
0.0,25.016980730331095,569291.0,147456.0,24
0.0,25.372243080973302,4224584.0,2073600.0,24
0.0,18.927795997445635,1051056.0,230400.0,24
0.0,22.36255593913822,2312024.0,921600.0,24
0.0,22.349259150230594,2308232.0,921600.0,24
