SD,QP,BR,RS,FR
2.425315483431697,22.89259486843363,3074410.0,921600.0,24
0.0,32.82858617131063,232491.0,57600.0,24
0.0,24.082256843016335,2955563.0,921600.0,24
0.0,19.516569200779724,232633.0,57600.0,24
0.5102391991175033,25.284713016222533,4223766.0,2073600.0,24
0.0,27.537115193644485,233285.0,57600.0,24
0.0,23.948062907556576,2947400.0,921600.0,24
