SD,QP,BR,RS,FR
0.0,23.674138339733567,2947976.0,921600.0,24
0.0,25.406998955465916,1724986.0,499200.0,24
0.0,2.320782132702015,1033117.0,230400.0,24
0.0,14.067462940232273,4232346.0,2073600.0,24
0.0,23.438761999337967,237005.0,57600.0,24
0.0,23.278029045971017,2947978.0,921600.0,24
0.0,19.525094541718584,1035211.0,230400.0,24
