SD,QP,BR,RS,FR
1.758376719424957,25.27619589437254,2309621.0,921600.0,24
0.0,22.64290580820985,237099.0,57600.0,24
1.6768321654263474,20.592200485871373,2947387.0,921600.0,24
0.0,23.81278049775602,232645.0,57600.0,24
6.218731027525122,21.69119762226999,2956352.0,921600.0,24
0.0,25.371198830409362,232640.0,57600.0,24
4.341543979314649,25.509542764641886,2316148.0,921600.0,24
