SD,QP,BR,RS,FR
0.6288900337189194,20.717559953735922,5802098.0,2073600.0,24
0.0,22.661881977671452,232575.0,57600.0,24
0.6502603207037101,20.558407745396263,2946164.0,921600.0,24
0.0,23.161618669314795,233006.0,57600.0,24
0.18661188733113399,24.991592436318175,2312945.0,921600.0,24
0.0,24.748344918901026,233011.0,57600.0,24
1.5679574253329465,19.621852812092254,3090182.0,921600.0,24
