SD,QP,BR,RS,FR
0.0,31.14451971512941,240195.0,57600.0,24
0.0,29.616592344853217,1034242.0,230400.0,24
0.0,31.20579538734477,232602.0,57600.0,24
4.3807295153046795,25.86192575736026,2309632.0,921600.0,24
0.0,21.585421888053467,233009.0,57600.0,24
4.15241510627102,6.647203653660773,2309734.0,921600.0,24
0.0,10.558791642026415,234509.0,57600.0,24
