SD,QP,BR,RS,FR
0.0,19.516569200779724,232633.0,57600.0,24
0.0,23.38747922260581,2947407.0,921600.0,24
0.0,23.732840733996362,1727222.0,499200.0,24
0.0,23.948062907556576,2947400.0,921600.0,24
0.0,23.76137630485456,1032826.0,230400.0,24
0.11101574843630235,30.77162989696164,4234875.0,2073600.0,24
0.0,31.14451971512941,240195.0,57600.0,24
