SD,QP,BR,RS,FR
0.0,6.647203653660773,2309734.0,921600.0,24
0.0,12.68170167038038,2948438.0,921600.0,24
0.0,20.246566121873748,1036908.0,230400.0,24
0.0,25.102621815414867,4224612.0,2073600.0,24
0.0,22.251547987616103,232943.0,57600.0,24
3.4217298555633118,24.14826157603403,4301356.0,2073600.0,24
0.0,26.03553124383993,232936.0,57600.0,24
