SD,QP,BR,RS,FR
0.0,26.434310207336527,232581.0,57600.0,24
0.0,25.04013363366737,4223760.0,2073600.0,24
0.0,24.275032684316194,1724458.0,499200.0,24
0.0,28.622035621283647,3082617.0,921600.0,24
0.0,29.616592344853217,1034242.0,230400.0,24
0.0,27.866995839975118,4224597.0,2073600.0,24
0.0,25.166525713825465,738358.0,147456.0,24
