SD,QP,BR,RS,FR
5.1820511135338885,22.89259486843363,3074410.0,921600.0,24
0.0,32.82858617131063,232491.0,57600.0,24
6.654292534684914,24.082256843016335,2955563.0,921600.0,24
0.0,19.516569200779724,232633.0,57600.0,24
2.1831756179667927,23.38747922260581,2947407.0,921600.0,24
0.0,27.537115193644485,233285.0,57600.0,24
3.0200668215812705,23.948062907556576,2947400.0,921600.0,24
