SD,QP,BR,RS,FR
2.854073604594628,0.00545171339563863,233193.0,57600.0,24
0.0,0.010940272028385569,232755.0,57600.0,24
0.0,22.89259486843363,3074410.0,921600.0,24
0.0,32.82858617131063,232491.0,57600.0,24
0.5274899849102361,26.17728929807217,4235553.0,2073600.0,24
0.0,19.516569200779724,232633.0,57600.0,24
0.0,23.38747922260581,2947407.0,921600.0,24
