SD,QP,BR,RS,FR
0.0,0.010940272028385569,232755.0,57600.0,24
0.0,22.89259486843363,3074410.0,921600.0,24
0.0,29.37283905858183,1719007.0,499200.0,24
0.812343504619629,26.17728929807217,4235553.0,2073600.0,24
0.0,19.516569200779724,232633.0,57600.0,24
0.0,23.38747922260581,2947407.0,921600.0,24
0.0,27.033694238781415,2319372.0,921600.0,24
