SD,QP,BR,RS,FR
0.0,26.8348966475595,241670.0,57600.0,24
0.0,25.372243080973302,4224584.0,2073600.0,24
0.0,22.64290580820985,237099.0,57600.0,24
0.0,20.592200485871373,2947387.0,921600.0,24
0.0,20.558407745396263,2946164.0,921600.0,24
3.978326141711187,21.69119762226999,2956352.0,921600.0,24
0.0,25.371198830409362,232640.0,57600.0,24
