SD,QP,BR,RS,FR
0.0,22.89259486843363,3074410.0,921600.0,24
0.0,28.579021716213365,737770.0,147456.0,24
0.5364538332520308,26.17728929807217,4235553.0,2073600.0,24
0.0,19.516569200779724,232633.0,57600.0,24
0.0,23.38747922260581,2947407.0,921600.0,24
0.0,23.732840733996362,1727222.0,499200.0,24
0.0,23.948062907556576,2947400.0,921600.0,24
