SD,QP,BR,RS,FR
0.0,27.537115193644485,233285.0,57600.0,24
3.0200668215812705,23.948062907556576,2947400.0,921600.0,24
0.0,26.242474082934617,232594.0,57600.0,24
2.147315790208589,28.497797441044334,2957916.0,921600.0,24
0.0,31.14451971512941,240195.0,57600.0,24
0.5947959691993177,28.51672819971871,2951762.0,921600.0,24
0.0,31.20579538734477,232602.0,57600.0,24
