SD,QP,BR,RS,FR
0.0,5.032434140868219,2948075.0,921600.0,24
0.0,12.68170167038038,2948438.0,921600.0,24
0.25754075679229604,19.965915664888673,2956354.0,921600.0,24
0.0,29.540360733293905,232630.0,57600.0,24
0.01348285433728158,20.513435922892363,2954661.0,921600.0,24
0.0,26.8348966475595,241670.0,57600.0,24
0.0,25.372243080973302,4224584.0,2073600.0,24
