SD,QP,BR,RS,FR
8.193779058305534,21.923248117812523,2314825.0,921600.0,24
0.0,26.8348966475595,241670.0,57600.0,24
3.4470914354967235,23.27656155446053,1720404.0,499200.0,24
0.0,22.64290580820985,237099.0,57600.0,24
0.0,22.661881977671452,232575.0,57600.0,24
0.0,19.61513831635166,1032401.0,230400.0,24
0.0,20.763812808548046,740239.0,147456.0,24
