SD,QP,BR,RS,FR
0.0,28.651299799301505,2309632.0,921600.0,24
0.0,23.674138339733567,2947976.0,921600.0,24
0.0,20.89413435134954,2315858.0,921600.0,24
0.0,6.647203653660773,2309734.0,921600.0,24
0.0,12.68170167038038,2948438.0,921600.0,24
0.0,20.246566121873748,1036908.0,230400.0,24
0.0,25.102621815414867,4224612.0,2073600.0,24
