SD,QP,BR,RS,FR
0.0,2.320782132702015,1033117.0,230400.0,24
0.0,12.843317300482651,5713378.0,2073600.0,24
0.0,20.246566121873748,1036908.0,230400.0,24
0.0,25.102621815414867,4224612.0,2073600.0,24
0.0,24.727416999936523,1724229.0,499200.0,24
0.0,22.231777861330436,3009660.0,921600.0,24
0.0,25.372243080973302,4224584.0,2073600.0,24
