SD,QP,BR,RS,FR
0.0,32.82858617131063,232491.0,57600.0,24
0.0,25.767532186519528,2315520.0,921600.0,24
0.0,21.080326563122263,551938.0,147456.0,24
0.0,25.284713016222533,4223766.0,2073600.0,24
0.0,24.832043627099754,2961889.0,921600.0,24
0.0,25.76573053851596,1720104.0,499200.0,24
0.0,23.254401611047182,2947405.0,921600.0,24
