SD,QP,BR,RS,FR
0.0,20.717559953735922,5802098.0,2073600.0,24
0.0,23.264517705477918,4225518.0,2073600.0,24
0.0,21.058461414661622,5694090.0,2073600.0,24
0.0,24.25237014894748,4236733.0,2073600.0,24
0.0,22.391754544955237,5705218.0,2073600.0,24
0.0,24.37963187494754,5714119.0,2073600.0,24
0.0,21.782041165154933,4497907.0,2073600.0,24
