SD,QP,BR,RS,FR
0.0,28.51672819971871,2951762.0,921600.0,24
0.0,27.866995839975118,4224597.0,2073600.0,24
0.0,23.674138339733567,2947976.0,921600.0,24
0.0,21.6165654497093,4236170.0,2073600.0,24
0.0,1.5372560615020698,232732.0,57600.0,24
0.0,12.843317300482651,5713378.0,2073600.0,24
0.0,22.03406575909561,2317943.0,921600.0,24
