SD,QP,BR,RS,FR
0.7983051042658393,0.00545171339563863,233193.0,57600.0,24
0.0,0.010940272028385569,232755.0,57600.0,24
0.0,22.89259486843363,3074410.0,921600.0,24
0.0,29.37283905858183,1719007.0,499200.0,24
0.0,24.082256843016335,2955563.0,921600.0,24
0.0,24.26222294654498,1720770.0,499200.0,24
0.0,25.284713016222533,4223766.0,2073600.0,24
