SD,QP,BR,RS,FR
0.0,28.24459366992779,7966738.0,3686400.0,24
0.0,28.13503657387819,11393405.0,8294400.0,24
0.0,25.573155591772494,11393396.0,8294400.0,24
0.0,20.711749359422313,7978247.0,3686400.0,24
0.0,7.4493628247709225,7956359.0,3686400.0,24
0.0,13.378209627902228,7980807.0,3686400.0,24
0.0,21.01814933481007,7988263.0,3686400.0,24
