SD,QP,BR,RS,FR
0.0,23.665062014110458,5696522.0,2073600.0,24
0.0,24.015625595578424,7959229.0,3686400.0,24
0.0,28.003324630823204,5711606.0,2073600.0,24
0.0,28.671588102206453,8413071.0,3686400.0,24
0.0,27.651761255972975,5705116.0,2073600.0,24
0.0,25.428000744250113,5697664.0,2073600.0,24
0.0,23.477630948735463,7956266.0,3686400.0,24
