SD,QP,BR,RS,FR
0.0,29.540360733293905,232630.0,57600.0,24
8.787618416542788,21.923248117812523,2314825.0,921600.0,24
0.0,26.8348966475595,241670.0,57600.0,24
3.857225925808967,23.27656155446053,1720404.0,499200.0,24
0.0,22.64290580820985,237099.0,57600.0,24
0.1133452305241276,20.16496875950554,1722868.0,499200.0,24
0.0,23.81278049775602,232645.0,57600.0,24
