SD,QP,BR,RS,FR
0.0,22.613312079623654,5697664.0,2073600.0,24
0.0,23.215055973472545,7974642.0,3686400.0,24
0.0,21.499641498999132,5809423.0,2073600.0,24
0.0,22.871696001599584,5697647.0,2073600.0,24
0.0,22.23263112902241,8159381.0,3686400.0,24
0.0,21.115190929312902,5705035.0,2073600.0,24
0.0,22.46448328539158,7951264.0,3686400.0,24
