SD,QP,BR,RS,FR
0.0,25.238774056836206,11393372.0,8294400.0,24
0.0,25.624528367177756,11421541.0,8294400.0,24
0.0,22.892625699111054,16545082.0,8294400.0,24
0.0,22.781294079912353,16489431.0,8294400.0,24
0.0,25.01496861193711,11426579.0,8294400.0,24
0.0,25.782409215352033,11428932.0,8294400.0,24
0.0,26.924655491522152,11426579.0,8294400.0,24
