SD,QP,BR,RS,FR
0.0,12.843317300482651,5713378.0,2073600.0,24
0.0,21.01814933481007,7988263.0,3686400.0,24
0.0,22.613312079623654,5697664.0,2073600.0,24
0.0,21.57543761449216,5710759.0,2073600.0,24
0.0,21.499641498999132,5809423.0,2073600.0,24
0.0,23.447913378716855,7956253.0,3686400.0,24
0.0,20.717559953735922,5802098.0,2073600.0,24
