SD,QP,BR,RS,FR
0.0,26.566264664861762,11419794.0,8294400.0,24
0.0,24.257588074009632,11538432.0,8294400.0,24
0.0,25.238774056836206,11393372.0,8294400.0,24
0.0,23.392357885773002,17008989.0,8294400.0,24
0.0,25.122440232168266,11408040.0,8294400.0,24
0.0,22.781294079912353,16489431.0,8294400.0,24
0.0,25.01496861193711,11426579.0,8294400.0,24
