SD,QP,BR,RS,FR
0.1105865885629974,0.00545171339563863,233193.0,57600.0,24
0.0,0.010940272028385569,232755.0,57600.0,24
0.0,25.337363043446967,4417511.0,2073600.0,24
0.0,29.05924692728245,7949488.0,3686400.0,24
0.0,26.95223211624885,11423292.0,8294400.0,24
0.0,27.50975911290184,11410952.0,8294400.0,24
0.0,27.319162686840514,11391082.0,8294400.0,24
