SD,QP,BR,RS,FR
0.0,26.40780551954411,4246721.0,2073600.0,24
0.0,25.76573053851596,1720104.0,499200.0,24
0.0,23.254401611047182,2947405.0,921600.0,24
0.0,30.77162989696164,4234875.0,2073600.0,24
0.0,31.058790436005623,2409425.0,921600.0,24
0.0,28.51672819971871,2951762.0,921600.0,24
0.0,27.866995839975118,4224597.0,2073600.0,24
