SD,QP,BR,RS,FR
0.0,27.319162686840514,11391082.0,8294400.0,24
0.0,27.636658392030622,11426602.0,8294400.0,24
0.0,27.652357254553905,11391087.0,8294400.0,24
0.0,24.015625595578424,7959229.0,3686400.0,24
0.0,31.0767064013276,11421518.0,8294400.0,24
0.0,28.671588102206453,8413071.0,3686400.0,24
0.0,28.24459366992779,7966738.0,3686400.0,24
