SD,QP,BR,RS,FR
0.0,28.13503657387819,11393405.0,8294400.0,24
0.0,25.573155591772494,11393396.0,8294400.0,24
0.0,20.912563075129324,16545700.0,8294400.0,24
0.0,8.754301544269104,11393484.0,8294400.0,24
0.0,14.099311355923644,16660737.0,8294400.0,24
0.0,23.660619457382705,11426592.0,8294400.0,24
0.0,26.09616988527242,11507664.0,8294400.0,24
