SD,QP,BR,RS,FR
0.0,25.04013363366737,4223760.0,2073600.0,24
0.0,28.104263402279436,1035338.0,230400.0,24
0.0,31.27498739740508,4375712.0,2073600.0,24
0.0,33.307520102339176,232776.0,57600.0,24
0.0,27.866995839975118,4224597.0,2073600.0,24
0.0,27.558952695878993,1720423.0,499200.0,24
0.06945346808247255,21.6165654497093,4236170.0,2073600.0,24
