SD,QP,BR,RS,FR
0.0,13.326725645331623,1725766.0,499200.0,24
0.0,25.37631054826951,1033018.0,230400.0,24
0.0,23.16493535130315,4234266.0,2073600.0,24
0.0,26.8348966475595,241670.0,57600.0,24
0.0,25.372243080973302,4224584.0,2073600.0,24
0.0,21.58852156814551,2315169.0,921600.0,24
0.0,20.592200485871373,2947387.0,921600.0,24
