SD,QP,BR,RS,FR
0.0,25.27619589437254,2309621.0,921600.0,24
0.0,19.71123400652711,2955090.0,921600.0,24
0.0,20.592200485871373,2947387.0,921600.0,24
0.0,23.33666038234719,4221990.0,2073600.0,24
0.0,21.69119762226999,2956352.0,921600.0,24
0.0,24.991592436318175,2312945.0,921600.0,24
0.0,27.069878006696577,4236739.0,2073600.0,24
