SD,QP,BR,RS,FR
0.33095805678480894,0.00545171339563863,233193.0,57600.0,24
0.0,0.010940272028385569,232755.0,57600.0,24
0.0,25.337363043446967,4417511.0,2073600.0,24
0.0,31.143963536971878,4221045.0,2073600.0,24
0.0,24.164395509334955,5712516.0,2073600.0,24
0.0,23.585203493161973,5698841.0,2073600.0,24
0.0,23.047285759223477,5696520.0,2073600.0,24
