SD,QP,BR,RS,FR
0.0,2.320782132702015,1033117.0,230400.0,24
0.0,12.68170167038038,2948438.0,921600.0,24
0.0,22.03406575909561,2317943.0,921600.0,24
0.0,25.61923228875298,2309645.0,921600.0,24
0.0,20.513435922892363,2954661.0,921600.0,24
0.0,24.33545835596218,2349574.0,921600.0,24
0.0,25.27619589437254,2309621.0,921600.0,24
