SD,QP,BR,RS,FR
0.0,23.047285759223477,5696520.0,2073600.0,24
0.0,24.61887122081141,7992487.0,3686400.0,24
0.0,23.665062014110458,5696522.0,2073600.0,24
0.0,24.844008264462808,1720104.0,499200.0,24
0.0,28.497797441044334,2957916.0,921600.0,24
0.0,31.27498739740508,4375712.0,2073600.0,24
0.0,27.651761255972975,5705116.0,2073600.0,24
