SD,QP,BR,RS,FR
1.2038493761964313,28.352197240674503,232938.0,57600.0,24
1.2576494077672224,31.14451971512941,240195.0,57600.0,24
1.435446241382925,33.307520102339176,232776.0,57600.0,24
0.8834778350600976,31.20579538734477,232602.0,57600.0,24
1.0565189925377982,29.75542085550956,232604.0,57600.0,24
0.9007816075611323,21.585421888053467,233009.0,57600.0,24
0.0,1.5372560615020698,232732.0,57600.0,24
