SD,QP,BR,RS,FR
0.0,24.164395509334955,5712516.0,2073600.0,24
0.0,22.60443194249102,2948590.0,921600.0,24
0.0,25.284713016222533,4223766.0,2073600.0,24
0.0,23.878813456570203,5731136.0,2073600.0,24
0.0,23.948062907556576,2947400.0,921600.0,24
0.0,23.210540432750644,5696522.0,2073600.0,24
0.0,28.003324630823204,5711606.0,2073600.0,24
