SD,QP,BR,RS,FR
0.0,23.585203493161973,5698841.0,2073600.0,24
0.0,23.047285759223477,5696520.0,2073600.0,24
0.0,27.033694238781415,2319372.0,921600.0,24
0.0,23.665062014110458,5696522.0,2073600.0,24
0.0,23.210540432750644,5696522.0,2073600.0,24
0.0,28.535480653762384,7975825.0,3686400.0,24
0.0,28.181953328798034,5875095.0,2073600.0,24
