SD,QP,BR,RS,FR
0.0,20.717559953735922,5802098.0,2073600.0,24
0.0,20.592200485871373,2947387.0,921600.0,24
0.0,21.058461414661622,5694090.0,2073600.0,24
0.0,24.25237014894748,4236733.0,2073600.0,24
0.0,25.26833910034602,4225448.0,2073600.0,24
0.0,24.37963187494754,5714119.0,2073600.0,24
0.0,19.621852812092254,3090182.0,921600.0,24
