SD,QP,BR,RS,FR
0.0,22.759754397462885,5697656.0,2073600.0,24
0.0,19.697608455146767,5713338.0,2073600.0,24
0.0,4.322092287013946,5697755.0,2073600.0,24
0.0,12.843317300482651,5713378.0,2073600.0,24
0.0,21.01814933481007,7988263.0,3686400.0,24
0.0,23.278029045971017,2947978.0,921600.0,24
0.0,21.57543761449216,5710759.0,2073600.0,24
