SD,QP,BR,RS,FR
0.13501074837552096,26.536693057728474,2947976.0,921600.0,24
0.0,29.75542085550956,232604.0,57600.0,24
2.614825468875239,21.6165654497093,4236170.0,2073600.0,24
0.0,1.5372560615020698,232732.0,57600.0,24
0.0,12.68170167038038,2948438.0,921600.0,24
0.0,13.326725645331623,1725766.0,499200.0,24
0.0,25.102621815414867,4224612.0,2073600.0,24
