SD,QP,BR,RS,FR
0.0,25.428000744250113,5697664.0,2073600.0,24
0.0,23.674138339733567,2947976.0,921600.0,24
0.0,19.697608455146767,5713338.0,2073600.0,24
0.0,6.647203653660773,2309734.0,921600.0,24
0.0,14.067462940232273,4232346.0,2073600.0,24
0.0,20.101412762663333,5718931.0,2073600.0,24
0.0,25.61923228875298,2309645.0,921600.0,24
