SD,QP,BR,RS,FR
0.0,23.477630948735463,7956266.0,3686400.0,24
0.0,20.711749359422313,7978247.0,3686400.0,24
0.0,4.322092287013946,5697755.0,2073600.0,24
0.0,13.378209627902228,7980807.0,3686400.0,24
0.0,21.01814933481007,7988263.0,3686400.0,24
0.0,22.613312079623654,5697664.0,2073600.0,24
0.0,23.215055973472545,7974642.0,3686400.0,24
