SD,QP,BR,RS,FR
0.0,27.033694238781415,2319372.0,921600.0,24
0.0,26.434310207336527,232581.0,57600.0,24
0.7741117308029644,23.254401611047182,2947405.0,921600.0,24
0.0,28.352197240674503,232938.0,57600.0,24
0.0,28.622035621283647,3082617.0,921600.0,24
0.0,30.643993202062827,2312564.0,921600.0,24
0.0,28.651299799301505,2309632.0,921600.0,24
