SD,QP,BR,RS,FR
0.0,28.651299799301505,2309632.0,921600.0,24
0.0,25.86192575736026,2309632.0,921600.0,24
0.0,19.359560645636595,2955975.0,921600.0,24
0.0,2.320782132702015,1033117.0,230400.0,24
0.0,14.067462940232273,4232346.0,2073600.0,24
0.0,20.02338202475147,745682.0,147456.0,24
0.0,25.102621815414867,4224612.0,2073600.0,24
