SD,QP,BR,RS,FR
0.0,24.009488699706086,1033477.0,230400.0,24
1.2606059093551227,23.210540432750644,5696522.0,2073600.0,24
0.0,28.352197240674503,232938.0,57600.0,24
6.882914863157232,31.27498739740508,4375712.0,2073600.0,24
0.0,33.307520102339176,232776.0,57600.0,24
0.13501074837552096,26.536693057728474,2947976.0,921600.0,24
0.0,29.75542085550956,232604.0,57600.0,24
