SD,QP,BR,RS,FR
0.0,23.948062907556576,2947400.0,921600.0,24
0.0,24.844008264462808,1720104.0,499200.0,24
0.0,30.77162989696164,4234875.0,2073600.0,24
0.0,29.317317350464148,1067784.0,230400.0,24
0.0,30.413565610067554,4230088.0,2073600.0,24
0.0,27.593889744842354,1032996.0,230400.0,24
0.0,22.759754397462885,5697656.0,2073600.0,24
