SD,QP,BR,RS,FR
0.19595976242798674,1.5372560615020698,232732.0,57600.0,24
0.057760699811550076,10.558791642026415,234509.0,57600.0,24
0.637875441990829,23.438761999337967,237005.0,57600.0,24
0.0,29.540360733293905,232630.0,57600.0,24
0.8790470424241015,22.251547987616103,232943.0,57600.0,24
0.9606369728952888,26.8348966475595,241670.0,57600.0,24
0.0,26.03553124383993,232936.0,57600.0,24
