SD,QP,BR,RS,FR
0.0,22.89259486843363,3074410.0,921600.0,24
0.0,31.057537423571578,551419.0,147456.0,24
0.012954793544857068,26.17728929807217,4235553.0,2073600.0,24
0.0,19.516569200779724,232633.0,57600.0,24
0.0,23.38747922260581,2947407.0,921600.0,24
0.0,27.033694238781415,2319372.0,921600.0,24
0.0,24.009488699706086,1033477.0,230400.0,24
