SD,QP,BR,RS,FR
0.0,22.03406575909561,2317943.0,921600.0,24
0.0,25.61923228875298,2309645.0,921600.0,24
0.0,20.513435922892363,2954661.0,921600.0,24
0.0,24.33545835596218,2349574.0,921600.0,24
0.0,23.27656155446053,1720404.0,499200.0,24
0.0,19.71123400652711,2955090.0,921600.0,24
0.0,22.661881977671452,232575.0,57600.0,24
