SD,QP,BR,RS,FR
0.0,31.058790436005623,2409425.0,921600.0,24
0.0,30.643993202062827,2312564.0,921600.0,24
0.0,26.536693057728474,2947976.0,921600.0,24
0.0,25.86192575736026,2309632.0,921600.0,24
0.0,19.359560645636595,2955975.0,921600.0,24
0.0,19.707261476753,1720520.0,499200.0,24
0.0,12.68170167038038,2948438.0,921600.0,24
