SD,QP,BR,RS,FR
0.0,28.352197240674503,232938.0,57600.0,24
0.9908444769154574,31.27498739740508,4375712.0,2073600.0,24
0.0,33.307520102339176,232776.0,57600.0,24
0.0,26.536693057728474,2947976.0,921600.0,24
0.0,27.558952695878993,1720423.0,499200.0,24
0.0,20.89413435134954,2315858.0,921600.0,24
0.0,19.707261476753,1720520.0,499200.0,24
