SD,QP,BR,RS,FR
0.0,29.540360733293905,232630.0,57600.0,24
4.138454510457715,24.727416999936523,1724229.0,499200.0,24
0.0,26.8348966475595,241670.0,57600.0,24
2.70388038898679,23.27656155446053,1720404.0,499200.0,24
0.0,22.64290580820985,237099.0,57600.0,24
0.0,19.73230211817168,1032813.0,230400.0,24
0.0,23.81278049775602,232645.0,57600.0,24
