SD,QP,BR,RS,FR
0.0,32.82858617131063,232491.0,57600.0,24
8.688263155069535,25.767532186519528,2315520.0,921600.0,24
0.0,19.516569200779724,232633.0,57600.0,24
2.982961341960438,21.92004223021172,1720095.0,499200.0,24
0.0,27.537115193644485,233285.0,57600.0,24
2.2605830034256815,25.76573053851596,1720104.0,499200.0,24
0.0,26.242474082934617,232594.0,57600.0,24
