SD,QP,BR,RS,FR
0.0,26.939624873856005,739943.0,147456.0,24
0.6076178094729485,31.27498739740508,4375712.0,2073600.0,24
0.0,33.307520102339176,232776.0,57600.0,24
0.0,26.536693057728474,2947976.0,921600.0,24
0.0,25.86192575736026,2309632.0,921600.0,24
0.0,20.89413435134954,2315858.0,921600.0,24
0.0,2.320782132702015,1033117.0,230400.0,24
