SD,QP,BR,RS,FR
0.0,30.413565610067554,4230088.0,2073600.0,24
0.0,26.536693057728474,2947976.0,921600.0,24
0.0,22.759754397462885,5697656.0,2073600.0,24
0.0,19.359560645636595,2955975.0,921600.0,24
0.0,6.220461879398155,4224692.0,2073600.0,24
0.0,14.067462940232273,4232346.0,2073600.0,24
0.0,20.101412762663333,5718931.0,2073600.0,24
