SD,QP,BR,RS,FR
0.0,0.010940272028385569,232755.0,57600.0,24
0.0422537982510125,25.337363043446967,4417511.0,2073600.0,24
0.0,32.82858617131063,232491.0,57600.0,24
0.0,26.17728929807217,4235553.0,2073600.0,24
0.0,19.516569200779724,232633.0,57600.0,24
0.0,25.284713016222533,4223766.0,2073600.0,24
0.0,23.732840733996362,1727222.0,499200.0,24
