SD,QP,BR,RS,FR
0.0,23.278029045971017,2947978.0,921600.0,24
0.0,20.513435922892363,2954661.0,921600.0,24
0.0,20.386391331057332,1763008.0,499200.0,24
0.0,23.283610676527754,2947965.0,921600.0,24
0.0,19.71123400652711,2955090.0,921600.0,24
0.0,19.73230211817168,1032813.0,230400.0,24
0.0,23.33666038234719,4221990.0,2073600.0,24
