SD,QP,BR,RS,FR
0.0,26.242474082934617,232594.0,57600.0,24
6.4623690829426925,30.561872379938002,2315784.0,921600.0,24
0.0,31.14451971512941,240195.0,57600.0,24
4.99537452688282,30.643993202062827,2312564.0,921600.0,24
0.0,31.20579538734477,232602.0,57600.0,24
5.2786959267628735,25.86192575736026,2309632.0,921600.0,24
0.0,21.585421888053467,233009.0,57600.0,24
