SD,QP,BR,RS,FR
0.008811274762616783,24.009488699706086,1033477.0,230400.0,24
0.0,26.242474082934617,232594.0,57600.0,24
3.5181999802203228,24.275032684316194,1724458.0,499200.0,24
0.0,31.14451971512941,240195.0,57600.0,24
4.59297562573234,30.068391584921205,1722562.0,499200.0,24
0.0,31.20579538734477,232602.0,57600.0,24
2.822012303705847,27.558952695878993,1720423.0,499200.0,24
