SD,QP,BR,RS,FR
0.0,26.566264664861762,11419794.0,8294400.0,24
0.0,24.257588074009632,11538432.0,8294400.0,24
0.0,25.238774056836206,11393372.0,8294400.0,24
0.0,25.624528367177756,11421541.0,8294400.0,24
0.0,25.122440232168266,11408040.0,8294400.0,24
0.0,22.781294079912353,16489431.0,8294400.0,24
0.0,21.9667298228994,16548065.0,8294400.0,24
