SD,QP,BR,RS,FR
0.0,32.82858617131063,232491.0,57600.0,24
0.0,26.17728929807217,4235553.0,2073600.0,24
0.0,19.516569200779724,232633.0,57600.0,24
0.0,25.284713016222533,4223766.0,2073600.0,24
0.0,23.732840733996362,1727222.0,499200.0,24
0.0,23.948062907556576,2947400.0,921600.0,24
0.0,23.254401611047182,2947405.0,921600.0,24
