SD,QP,BR,RS,FR
0.07384193149979801,22.365835346347197,4236748.0,2073600.0,24
0.0,29.540360733293905,232630.0,57600.0,24
0.0,20.513435922892363,2954661.0,921600.0,24
0.0,22.66669978034593,1065252.0,230400.0,24
0.0,25.372243080973302,4224584.0,2073600.0,24
0.0,22.64290580820985,237099.0,57600.0,24
0.0,23.264517705477918,4225518.0,2073600.0,24
