SD,QP,BR,RS,FR
0.0,21.053171869019028,552974.0,147456.0,24
0.0,20.592200485871373,2947387.0,921600.0,24
0.0,23.81278049775602,232645.0,57600.0,24
1.9677411720940166,24.25237014894748,4236733.0,2073600.0,24
0.0,25.371198830409362,232640.0,57600.0,24
0.7168008207563243,23.49674388981769,2956359.0,921600.0,24
0.0,20.84030860283238,248105.0,57600.0,24
