SD,QP,BR,RS,FR
5.180644465736429,25.86192575736026,2309632.0,921600.0,24
0.0,21.585421888053467,233009.0,57600.0,24
0.0,2.320782132702015,1033117.0,230400.0,24
0.0,10.558791642026415,234509.0,57600.0,24
10.892857774690205,19.965915664888673,2956354.0,921600.0,24
0.0,29.540360733293905,232630.0,57600.0,24
9.12004300073922,21.923248117812523,2314825.0,921600.0,24
