SD,QP,BR,RS,FR
0.0,24.009488699706086,1033477.0,230400.0,24
0.0,26.242474082934617,232594.0,57600.0,24
6.284506051014586,30.561872379938002,2315784.0,921600.0,24
0.0,31.14451971512941,240195.0,57600.0,24
0.5277580110150026,29.616592344853217,1034242.0,230400.0,24
0.0,31.20579538734477,232602.0,57600.0,24
2.3686888963603394,27.558952695878993,1720423.0,499200.0,24
