SD,QP,BR,RS,FR
6.885121463548471,24.52718036950555,2420508.0,921600.0,24
0.0,32.82858617131063,232491.0,57600.0,24
8.405463314200398,25.767532186519528,2315520.0,921600.0,24
0.0,19.516569200779724,232633.0,57600.0,24
5.96647141545239,25.376828410689168,2309197.0,921600.0,24
0.0,27.537115193644485,233285.0,57600.0,24
0.0,24.009488699706086,1033477.0,230400.0,24
