SD,QP,BR,RS,FR
0.0,25.25897404566586,4224595.0,2073600.0,24
0.0,21.585421888053467,233009.0,57600.0,24
0.0,5.032434140868219,2948075.0,921600.0,24
0.0,13.87458082460216,2315066.0,921600.0,24
0.0,19.965915664888673,2956354.0,921600.0,24
0.0,29.540360733293905,232630.0,57600.0,24
0.7237779837656211,23.16493535130315,4234266.0,2073600.0,24
