SD,QP,BR,RS,FR
0.0,15.901235380460617,11505423.0,8294400.0,24
0.0,21.01814933481007,7988263.0,3686400.0,24
0.0,26.09616988527242,11507664.0,8294400.0,24
0.0,26.566264664861762,11419794.0,8294400.0,24
0.0,24.257588074009632,11538432.0,8294400.0,24
0.0,25.238774056836206,11393372.0,8294400.0,24
0.0,25.624528367177756,11421541.0,8294400.0,24
