SD,QP,BR,RS,FR
0.0,21.585421888053467,233009.0,57600.0,24
3.180105266321541,6.647203653660773,2309734.0,921600.0,24
0.0,10.558791642026415,234509.0,57600.0,24
4.799085613167281,19.965915664888673,2956354.0,921600.0,24
0.0,29.540360733293905,232630.0,57600.0,24
3.7570300126403033,21.923248117812523,2314825.0,921600.0,24
0.0,26.8348966475595,241670.0,57600.0,24
