SD,QP,BR,RS,FR
0.0,10.558791642026415,234509.0,57600.0,24
10.598875661085021,19.965915664888673,2956354.0,921600.0,24
0.0,29.540360733293905,232630.0,57600.0,24
5.270382823266389,24.727416999936523,1724229.0,499200.0,24
0.0,26.8348966475595,241670.0,57600.0,24
3.274917174717224,23.27656155446053,1720404.0,499200.0,24
0.0,22.64290580820985,237099.0,57600.0,24
