SD,QP,BR,RS,FR
2.722255730517926,30.068391584921205,1722562.0,499200.0,24
0.0,31.20579538734477,232602.0,57600.0,24
2.6539311917377386,27.558952695878993,1720423.0,499200.0,24
0.0,21.585421888053467,233009.0,57600.0,24
0.0,2.320782132702015,1033117.0,230400.0,24
0.0,10.558791642026415,234509.0,57600.0,24
10.598875661085021,19.965915664888673,2956354.0,921600.0,24
