SD,QP,BR,RS,FR
0.0,29.540360733293905,232630.0,57600.0,24
0.0,23.16493535130315,4234266.0,2073600.0,24
0.0,26.8348966475595,241670.0,57600.0,24
0.0,25.372243080973302,4224584.0,2073600.0,24
0.0,22.64290580820985,237099.0,57600.0,24
0.0,23.264517705477918,4225518.0,2073600.0,24
0.0,21.69500708510461,551533.0,147456.0,24
