SD,QP,BR,RS,FR
0.0,0.010940272028385569,232755.0,57600.0,24
0.37219036251773474,22.89259486843363,3074410.0,921600.0,24
0.0,32.82858617131063,232491.0,57600.0,24
0.0,24.082256843016335,2955563.0,921600.0,24
0.0,21.080326563122263,551938.0,147456.0,24
0.0,25.284713016222533,4223766.0,2073600.0,24
0.0,27.094813011428954,553695.0,147456.0,24
