SD,QP,BR,RS,FR
0.0,23.732840733996362,1727222.0,499200.0,24
0.0,23.948062907556576,2947400.0,921600.0,24
0.0,23.254401611047182,2947405.0,921600.0,24
0.0,28.497797441044334,2957916.0,921600.0,24
0.0,29.317317350464148,1067784.0,230400.0,24
0.9421246951554458,30.413565610067554,4230088.0,2073600.0,24
0.0,31.20579538734477,232602.0,57600.0,24
