SD,QP,BR,RS,FR
3.451539733572309,24.275032684316194,1724458.0,499200.0,24
0.0,31.14451971512941,240195.0,57600.0,24
3.0421787873705908,30.068391584921205,1722562.0,499200.0,24
0.0,31.20579538734477,232602.0,57600.0,24
5.180644465736429,25.86192575736026,2309632.0,921600.0,24
0.0,21.585421888053467,233009.0,57600.0,24
0.0,2.320782132702015,1033117.0,230400.0,24
