SD,QP,BR,RS,FR
0.0,31.20579538734477,232602.0,57600.0,24
0.0,23.674138339733567,2947976.0,921600.0,24
0.0,21.585421888053467,233009.0,57600.0,24
2.148646179885711,6.220461879398155,4224692.0,2073600.0,24
0.0,10.558791642026415,234509.0,57600.0,24
0.4532978520620059,19.965915664888673,2956354.0,921600.0,24
0.0,29.540360733293905,232630.0,57600.0,24
