SD,QP,BR,RS,FR
3.056629324303792,30.643993202062827,2312564.0,921600.0,24
0.0,31.20579538734477,232602.0,57600.0,24
2.3659730249200646,25.86192575736026,2309632.0,921600.0,24
0.0,21.585421888053467,233009.0,57600.0,24
3.180105266321541,6.647203653660773,2309734.0,921600.0,24
0.0,10.558791642026415,234509.0,57600.0,24
4.799085613167281,19.965915664888673,2956354.0,921600.0,24
