SD,QP,BR,RS,FR
0.0,25.372243080973302,4224584.0,2073600.0,24
0.0,22.64290580820985,237099.0,57600.0,24
0.0,23.264517705477918,4225518.0,2073600.0,24
0.0,21.69500708510461,551533.0,147456.0,24
0.0,24.25237014894748,4236733.0,2073600.0,24
0.0,25.371198830409362,232640.0,57600.0,24
0.0,23.49674388981769,2956359.0,921600.0,24
