SD,QP,BR,RS,FR
0.0,23.278029045971017,2947978.0,921600.0,24
0.0,21.57543761449216,5710759.0,2073600.0,24
0.0,24.14826157603403,4301356.0,2073600.0,24
0.0,22.871696001599584,5697647.0,2073600.0,24
0.0,20.717559953735922,5802098.0,2073600.0,24
0.0,23.264517705477918,4225518.0,2073600.0,24
0.0,23.33666038234719,4221990.0,2073600.0,24
