SD,QP,BR,RS,FR
0.5169898056373032,26.8348966475595,241670.0,57600.0,24
0.0,26.03553124383993,232936.0,57600.0,24
0.0,22.64290580820985,237099.0,57600.0,24
0.0,22.661881977671452,232575.0,57600.0,24
1.5629201412774956,19.61513831635166,1032401.0,230400.0,24
0.0,23.161618669314795,233006.0,57600.0,24
0.0,24.273360938578328,370698.0,82944.0,24
