SD,QP,BR,RS,FR
0.0,26.242474082934617,232594.0,57600.0,24
0.39927027767105994,30.77162989696164,4234875.0,2073600.0,24
0.0,31.14451971512941,240195.0,57600.0,24
0.0,30.413565610067554,4230088.0,2073600.0,24
0.0,26.536693057728474,2947976.0,921600.0,24
0.0,22.759754397462885,5697656.0,2073600.0,24
0.0,21.6165654497093,4236170.0,2073600.0,24
