SD,QP,BR,RS,FR
0.0,21.021489277165646,1720423.0,499200.0,24
0.0,20.513435922892363,2954661.0,921600.0,24
0.0,24.14826157603403,4301356.0,2073600.0,24
0.0,23.283610676527754,2947965.0,921600.0,24
0.0,22.856664139099387,4234904.0,2073600.0,24
0.0,20.592200485871373,2947387.0,921600.0,24
0.0,23.33666038234719,4221990.0,2073600.0,24
