SD,QP,BR,RS,FR
5.391764609155773,22.89259486843363,3074410.0,921600.0,24
0.0,32.82858617131063,232491.0,57600.0,24
4.993549768660609,24.082256843016335,2955563.0,921600.0,24
0.0,19.516569200779724,232633.0,57600.0,24
2.1136777306217738,23.38747922260581,2947407.0,921600.0,24
0.0,27.537115193644485,233285.0,57600.0,24
0.9429590093185807,25.576157141030556,2309192.0,921600.0,24
