SD,QP,BR,RS,FR
0.0,21.302814674256798,552916.0,147456.0,24
0.0,24.14826157603403,4301356.0,2073600.0,24
0.0,23.494419600916913,1032994.0,230400.0,24
0.0,22.856664139099387,4234904.0,2073600.0,24
0.0,19.755681818181817,738220.0,147456.0,24
0.0,23.33666038234719,4221990.0,2073600.0,24
0.0,20.643554185927066,1725187.0,499200.0,24
