SD,QP,BR,RS,FR
2.204375171671545,21.302814674256798,552916.0,147456.0,24
0.0,26.8348966475595,241670.0,57600.0,24
0.0,26.03553124383993,232936.0,57600.0,24
0.0,22.64290580820985,237099.0,57600.0,24
0.0,22.661881977671452,232575.0,57600.0,24
0.0,23.81278049775602,232645.0,57600.0,24
1.060473507980328,23.161618669314795,233006.0,57600.0,24
