SD,QP,BR,RS,FR
0.0,31.27498739740508,4375712.0,2073600.0,24
0.0,28.51672819971871,2951762.0,921600.0,24
0.0,25.428000744250113,5697664.0,2073600.0,24
0.0,25.25897404566586,4224595.0,2073600.0,24
0.0,19.359560645636595,2955975.0,921600.0,24
0.0,6.220461879398155,4224692.0,2073600.0,24
0.0,14.067462940232273,4232346.0,2073600.0,24
