SD,QP,BR,RS,FR
0.0,6.220461879398155,4224692.0,2073600.0,24
0.0,4.648505623748434,1723808.0,499200.0,24
0.0,22.365835346347197,4236748.0,2073600.0,24
0.0,23.278029045971017,2947978.0,921600.0,24
0.0,21.57543761449216,5710759.0,2073600.0,24
0.0,24.14826157603403,4301356.0,2073600.0,24
0.0,22.871696001599584,5697647.0,2073600.0,24
