SD,QP,BR,RS,FR
0.0,25.284713016222533,4223766.0,2073600.0,24
0.0,26.40780551954411,4246721.0,2073600.0,24
0.0,23.948062907556576,2947400.0,921600.0,24
0.0,23.210540432750644,5696522.0,2073600.0,24
0.0,30.77162989696164,4234875.0,2073600.0,24
0.0,31.27498739740508,4375712.0,2073600.0,24
0.0,28.51672819971871,2951762.0,921600.0,24
