SD,QP,BR,RS,FR
0.0,23.283610676527754,2947965.0,921600.0,24
0.0,22.856664139099387,4234904.0,2073600.0,24
0.0,20.592200485871373,2947387.0,921600.0,24
0.0,23.33666038234719,4221990.0,2073600.0,24
0.0,24.25237014894748,4236733.0,2073600.0,24
0.0,22.36105377406944,1721331.0,499200.0,24
0.0,27.069878006696577,4236739.0,2073600.0,24
