SD,QP,BR,RS,FR
4.162585316395084,20.513435922892363,2954661.0,921600.0,24
0.0,26.8348966475595,241670.0,57600.0,24
2.7887730500949006,23.283610676527754,2947965.0,921600.0,24
0.0,22.64290580820985,237099.0,57600.0,24
2.576838464941935,20.592200485871373,2947387.0,921600.0,24
0.0,23.81278049775602,232645.0,57600.0,24
4.3242729804189874,21.69119762226999,2956352.0,921600.0,24
