SD,QP,BR,RS,FR
0.0,24.940268479069452,740969.0,147456.0,24
0.0,25.781019693973846,4223770.0,2073600.0,24
0.0,23.76137630485456,1032826.0,230400.0,24
0.0,28.497797441044334,2957916.0,921600.0,24
0.0,31.14451971512941,240195.0,57600.0,24
0.23268097085288986,28.51672819971871,2951762.0,921600.0,24
0.0,31.20579538734477,232602.0,57600.0,24
