SD,QP,BR,RS,FR
0.0,21.6165654497093,4236170.0,2073600.0,24
0.0,6.647203653660773,2309734.0,921600.0,24
0.0,12.843317300482651,5713378.0,2073600.0,24
0.0,20.101412762663333,5718931.0,2073600.0,24
0.0,25.102621815414867,4224612.0,2073600.0,24
0.0,21.57543761449216,5710759.0,2073600.0,24
0.0,21.499641498999132,5809423.0,2073600.0,24
