SD,QP,BR,RS,FR
0.0,4.648505623748434,1723808.0,499200.0,24
1.8181266436941375,19.965915664888673,2956354.0,921600.0,24
0.0,29.540360733293905,232630.0,57600.0,24
0.959285151986621,23.16493535130315,4234266.0,2073600.0,24
0.0,26.8348966475595,241670.0,57600.0,24
0.0,23.283610676527754,2947965.0,921600.0,24
0.0,18.927795997445635,1051056.0,230400.0,24
