SD,QP,BR,RS,FR
0.39770861934240465,22.89259486843363,3074410.0,921600.0,24
0.0,32.82858617131063,232491.0,57600.0,24
0.6102286903229563,26.17728929807217,4235553.0,2073600.0,24
0.0,19.516569200779724,232633.0,57600.0,24
0.0,23.38747922260581,2947407.0,921600.0,24
0.0,26.40780551954411,4246721.0,2073600.0,24
0.0,26.434310207336527,232581.0,57600.0,24
