SD,QP,BR,RS,FR
0.0,31.14451971512941,240195.0,57600.0,24
5.237458869976442,29.616592344853217,1034242.0,230400.0,24
0.0,31.20579538734477,232602.0,57600.0,24
0.28086100273090686,28.269018565502797,551836.0,147456.0,24
1.0407313118776713,21.585421888053467,233009.0,57600.0,24
0.0,1.5372560615020698,232732.0,57600.0,24
0.0,10.558791642026415,234509.0,57600.0,24
