SD,QP,BR,RS,FR
0.0,0.010940272028385569,232755.0,57600.0,24
0.0,26.24693408277977,239988.0,57600.0,24
1.5984942447769583,28.579021716213365,737770.0,147456.0,24
0.0,24.136302294197034,232999.0,57600.0,24
0.0,19.516569200779724,232633.0,57600.0,24
0.0,25.61637759170654,232573.0,57600.0,24
15.200331043744844,23.732840733996362,1727222.0,499200.0,24
