SD,QP,BR,RS,FR
0.0,29.317317350464148,1067784.0,230400.0,24
0.0,30.413565610067554,4230088.0,2073600.0,24
0.0,26.536693057728474,2947976.0,921600.0,24
0.0,22.759754397462885,5697656.0,2073600.0,24
0.0,21.6165654497093,4236170.0,2073600.0,24
0.0,4.322092287013946,5697755.0,2073600.0,24
0.0,14.067462940232273,4232346.0,2073600.0,24
