SD,QP,BR,RS,FR
0.0,25.04013363366737,4223760.0,2073600.0,24
0.0,28.003324630823204,5711606.0,2073600.0,24
0.0,28.622035621283647,3082617.0,921600.0,24
0.0,30.413565610067554,4230088.0,2073600.0,24
0.0,25.428000744250113,5697664.0,2073600.0,24
0.0,25.25897404566586,4224595.0,2073600.0,24
0.0,21.6165654497093,4236170.0,2073600.0,24
