SD,QP,BR,RS,FR
0.0,23.16493535130315,4234266.0,2073600.0,24
0.0,24.14826157603403,4301356.0,2073600.0,24
0.0,25.372243080973302,4224584.0,2073600.0,24
0.0,22.856664139099387,4234904.0,2073600.0,24
0.0,20.592200485871373,2947387.0,921600.0,24
0.0,21.058461414661622,5694090.0,2073600.0,24
0.0,24.25237014894748,4236733.0,2073600.0,24
