SD,QP,BR,RS,FR
0.0,0.010940272028385569,232755.0,57600.0,24
0.0,25.337363043446967,4417511.0,2073600.0,24
0.0,32.82858617131063,232491.0,57600.0,24
0.0,24.164395509334955,5712516.0,2073600.0,24
0.0,24.26222294654498,1720770.0,499200.0,24
0.0,25.284713016222533,4223766.0,2073600.0,24
0.0,26.40780551954411,4246721.0,2073600.0,24
