SD,QP,BR,RS,FR
0.0,12.843317300482651,5713378.0,2073600.0,24
0.0,22.365835346347197,4236748.0,2073600.0,24
0.0,25.102621815414867,4224612.0,2073600.0,24
0.0,21.57543761449216,5710759.0,2073600.0,24
0.0,24.14826157603403,4301356.0,2073600.0,24
0.0,25.372243080973302,4224584.0,2073600.0,24
0.0,22.856664139099387,4234904.0,2073600.0,24
