SD,QP,BR,RS,FR
0.0,27.537115193644485,233285.0,57600.0,24
0.3929743542913551,23.930311176278916,739016.0,147456.0,24
0.0,26.242474082934617,232594.0,57600.0,24
6.327105844619892,24.275032684316194,1724458.0,499200.0,24
0.0,31.14451971512941,240195.0,57600.0,24
1.9544484890778104,29.616592344853217,1034242.0,230400.0,24
0.0,31.20579538734477,232602.0,57600.0,24
