SD,QP,BR,RS,FR
0.0,28.622035621283647,3082617.0,921600.0,24
0.0,30.413565610067554,4230088.0,2073600.0,24
0.0,26.536693057728474,2947976.0,921600.0,24
0.0,25.25897404566586,4224595.0,2073600.0,24
0.0,21.6165654497093,4236170.0,2073600.0,24
0.0,5.032434140868219,2948075.0,921600.0,24
0.0,14.067462940232273,4232346.0,2073600.0,24
