SD,QP,BR,RS,FR
0.0,24.009488699706086,1033477.0,230400.0,24
0.0,25.04013363366737,4223760.0,2073600.0,24
0.0,24.275032684316194,1724458.0,499200.0,24
0.0,28.622035621283647,3082617.0,921600.0,24
0.0,30.643993202062827,2312564.0,921600.0,24
0.0,26.536693057728474,2947976.0,921600.0,24
0.0,25.86192575736026,2309632.0,921600.0,24
