SD,QP,BR,RS,FR
1.6548927879793771,22.89042534945545,1035520.0,230400.0,24
0.0,19.516569200779724,232633.0,57600.0,24
1.407699346459422,23.38747922260581,2947407.0,921600.0,24
0.0,27.537115193644485,233285.0,57600.0,24
0.0,25.576157141030556,2309192.0,921600.0,24
0.0,26.242474082934617,232594.0,57600.0,24
3.763192023100766,30.77162989696164,4234875.0,2073600.0,24
