SD,QP,BR,RS,FR
3.6390107822583397,25.86192575736026,2309632.0,921600.0,24
0.0,21.585421888053467,233009.0,57600.0,24
0.11296190411035578,19.707261476753,1720520.0,499200.0,24
0.0,10.558791642026415,234509.0,57600.0,24
0.0,22.03406575909561,2317943.0,921600.0,24
0.0,25.534191132052676,738365.0,147456.0,24
0.0,20.513435922892363,2954661.0,921600.0,24
