SD,QP,BR,RS,FR
0.0,30.561872379938002,2315784.0,921600.0,24
0.0,29.317317350464148,1067784.0,230400.0,24
5.192830573776902,30.413565610067554,4230088.0,2073600.0,24
0.0,31.20579538734477,232602.0,57600.0,24
3.6390107822583397,25.86192575736026,2309632.0,921600.0,24
0.0,21.585421888053467,233009.0,57600.0,24
0.11296190411035578,19.707261476753,1720520.0,499200.0,24
