SD,QP,BR,RS,FR
0.0,0.010940272028385569,232755.0,57600.0,24
0.0,25.337363043446967,4417511.0,2073600.0,24
0.0,31.063975155279504,369866.0,82944.0,24
0.0,24.164395509334955,5712516.0,2073600.0,24
0.0,20.17428465254552,1033205.0,230400.0,24
0.0,23.047285759223477,5696520.0,2073600.0,24
0.0,24.832043627099754,2961889.0,921600.0,24
