SD,QP,BR,RS,FR
0.0,28.97683130636221,2945528.0,921600.0,24
0.0,24.164395509334955,5712516.0,2073600.0,24
0.0,24.26222294654498,1720770.0,499200.0,24
0.0,25.284713016222533,4223766.0,2073600.0,24
0.0,26.40780551954411,4246721.0,2073600.0,24
0.0,25.781019693973846,4223770.0,2073600.0,24
0.0,23.210540432750644,5696522.0,2073600.0,24
