SD,QP,BR,RS,FR
0.0,26.40780551954411,4246721.0,2073600.0,24
0.0,25.781019693973846,4223770.0,2073600.0,24
0.0,23.210540432750644,5696522.0,2073600.0,24
0.0,30.77162989696164,4234875.0,2073600.0,24
0.0,31.27498739740508,4375712.0,2073600.0,24
0.0,30.413565610067554,4230088.0,2073600.0,24
0.0,27.866995839975118,4224597.0,2073600.0,24
