SD,QP,BR,RS,FR
0.0,25.337363043446967,4417511.0,2073600.0,24
0.0,32.82858617131063,232491.0,57600.0,24
0.0,26.17728929807217,4235553.0,2073600.0,24
0.0,23.98695733708392,2310124.0,921600.0,24
0.0,23.047285759223477,5696520.0,2073600.0,24
0.0,26.40780551954411,4246721.0,2073600.0,24
0.0,25.576157141030556,2309192.0,921600.0,24
