SD,QP,BR,RS,FR
0.0,28.181953328798034,5875095.0,2073600.0,24
0.0,33.307520102339176,232776.0,57600.0,24
0.0,27.866995839975118,4224597.0,2073600.0,24
0.0,28.269018565502797,551836.0,147456.0,24
0.0,19.697608455146767,5713338.0,2073600.0,24
0.0,1.0775001744713517,370229.0,82944.0,24
0.0,12.843317300482651,5713378.0,2073600.0,24
