SD,QP,BR,RS,FR
1.158492101190916,23.38747922260581,2947407.0,921600.0,24
0.0,27.537115193644485,233285.0,57600.0,24
1.4068003278663603,23.948062907556576,2947400.0,921600.0,24
0.0,26.242474082934617,232594.0,57600.0,24
3.1943522018410135,28.497797441044334,2957916.0,921600.0,24
0.0,31.14451971512941,240195.0,57600.0,24
3.03440985552373,28.51672819971871,2951762.0,921600.0,24
