SD,QP,BR,RS,FR
0.0,23.674138339733567,2947976.0,921600.0,24
0.0,19.359560645636595,2955975.0,921600.0,24
0.0,5.032434140868219,2948075.0,921600.0,24
0.0,14.067462940232273,4232346.0,2073600.0,24
0.0,19.965915664888673,2956354.0,921600.0,24
0.0,25.61923228875298,2309645.0,921600.0,24
0.0,20.513435922892363,2954661.0,921600.0,24
