SD,QP,BR,RS,FR
0.0,29.540360733293905,232630.0,57600.0,24
0.0,21.57543761449216,5710759.0,2073600.0,24
0.0,22.66669978034593,1065252.0,230400.0,24
0.0,22.871696001599584,5697647.0,2073600.0,24
0.0,19.71123400652711,2955090.0,921600.0,24
0.0,23.264517705477918,4225518.0,2073600.0,24
0.0,20.558407745396263,2946164.0,921600.0,24
