SD,QP,BR,RS,FR
1.554610479113097,23.948062907556576,2947400.0,921600.0,24
0.0,26.242474082934617,232594.0,57600.0,24
2.7153419245009616,28.497797441044334,2957916.0,921600.0,24
0.0,31.14451971512941,240195.0,57600.0,24
2.2915100284236667,28.51672819971871,2951762.0,921600.0,24
0.0,31.20579538734477,232602.0,57600.0,24
1.4331206342632665,23.674138339733567,2947976.0,921600.0,24
