SD,QP,BR,RS,FR
5.532975453660995,24.52718036950555,2420508.0,921600.0,24
0.0,32.82858617131063,232491.0,57600.0,24
4.044663900959375,25.767532186519528,2315520.0,921600.0,24
0.0,19.516569200779724,232633.0,57600.0,24
2.503100977763343,25.376828410689168,2309197.0,921600.0,24
0.0,27.537115193644485,233285.0,57600.0,24
0.08004682743368008,25.76573053851596,1720104.0,499200.0,24
