SD,QP,BR,RS,FR
0.0,23.948062907556576,2947400.0,921600.0,24
0.0,23.210540432750644,5696522.0,2073600.0,24
0.0,30.77162989696164,4234875.0,2073600.0,24
0.0,28.181953328798034,5875095.0,2073600.0,24
0.0,33.307520102339176,232776.0,57600.0,24
0.0,27.866995839975118,4224597.0,2073600.0,24
0.0,28.269018565502797,551836.0,147456.0,24
