SD,QP,BR,RS,FR
0.0,31.14451971512941,240195.0,57600.0,24
6.586998795563298,30.643993202062827,2312564.0,921600.0,24
0.0,31.20579538734477,232602.0,57600.0,24
0.3046442534836844,25.656821114075633,1033011.0,230400.0,24
0.0,21.585421888053467,233009.0,57600.0,24
4.253153749142339,5.032434140868219,2948075.0,921600.0,24
0.0,10.558791642026415,234509.0,57600.0,24
