SD,QP,BR,RS,FR
3.1039109453617204,19.965915664888673,2956354.0,921600.0,24
0.0,29.540360733293905,232630.0,57600.0,24
2.5917676963841174,20.513435922892363,2954661.0,921600.0,24
0.0,26.8348966475595,241670.0,57600.0,24
1.4756598174246278,23.283610676527754,2947965.0,921600.0,24
0.0,22.64290580820985,237099.0,57600.0,24
1.4885397999218526,20.592200485871373,2947387.0,921600.0,24
