SD,QP,BR,RS,FR
7.026380127826271,24.33545835596218,2349574.0,921600.0,24
0.0,26.03553124383993,232936.0,57600.0,24
2.5096528202636925,18.6476145735463,763032.0,147456.0,24
0.0,22.661881977671452,232575.0,57600.0,24
2.2464455444815465,19.61513831635166,1032401.0,230400.0,24
0.0,23.161618669314795,233006.0,57600.0,24
0.0,25.371198830409362,232640.0,57600.0,24
