SD,QP,BR,RS,FR
2.3136245277831984,24.082256843016335,2955563.0,921600.0,24
0.0,19.516569200779724,232633.0,57600.0,24
0.4566403041164726,23.38747922260581,2947407.0,921600.0,24
0.0,27.537115193644485,233285.0,57600.0,24
0.8921193943641859,23.948062907556576,2947400.0,921600.0,24
0.0,26.242474082934617,232594.0,57600.0,24
2.022679425943191,28.497797441044334,2957916.0,921600.0,24
