SD,QP,BR,RS,FR
0.0,23.278029045971017,2947978.0,921600.0,24
0.0,23.16493535130315,4234266.0,2073600.0,24
0.0,20.386391331057332,1763008.0,499200.0,24
0.0,25.372243080973302,4224584.0,2073600.0,24
0.0,19.71123400652711,2955090.0,921600.0,24
0.0,20.592200485871373,2947387.0,921600.0,24
0.0,23.33666038234719,4221990.0,2073600.0,24
