SD,QP,BR,RS,FR
0.08004682743368008,25.76573053851596,1720104.0,499200.0,24
0.0,26.242474082934617,232594.0,57600.0,24
3.2478662850103,28.497797441044334,2957916.0,921600.0,24
0.0,31.14451971512941,240195.0,57600.0,24
2.0827278025815286,30.643993202062827,2312564.0,921600.0,24
0.0,31.20579538734477,232602.0,57600.0,24
2.1654793318470658,23.674138339733567,2947976.0,921600.0,24
