SD,QP,BR,RS,FR
0.0,26.8348966475595,241670.0,57600.0,24
0.012716749585530707,23.494419600916913,1032994.0,230400.0,24
0.0,22.64290580820985,237099.0,57600.0,24
0.0,22.661881977671452,232575.0,57600.0,24
6.511688130256884,20.733009992062378,1719386.0,499200.0,24
0.0,23.161618669314795,233006.0,57600.0,24
0.0,25.371198830409362,232640.0,57600.0,24
