SD,QP,BR,RS,FR
6.227032469099077,24.52718036950555,2420508.0,921600.0,24
0.0,32.82858617131063,232491.0,57600.0,24
6.598782295017063,25.767532186519528,2315520.0,921600.0,24
0.0,19.516569200779724,232633.0,57600.0,24
0.24934695933366235,23.423570994223166,1033944.0,230400.0,24
0.0,27.537115193644485,233285.0,57600.0,24
1.9426213186217254,24.009488699706086,1033477.0,230400.0,24
