SD,QP,BR,RS,FR
0.0,19.516569200779724,232633.0,57600.0,24
1.7402440315498993,23.38747922260581,2947407.0,921600.0,24
0.0,27.537115193644485,233285.0,57600.0,24
0.0,23.948062907556576,2947400.0,921600.0,24
0.0,26.242474082934617,232594.0,57600.0,24
5.096198020168836,30.77162989696164,4234875.0,2073600.0,24
0.0,31.14451971512941,240195.0,57600.0,24
