SD,QP,BR,RS,FR
0.0,21.58852156814551,2315169.0,921600.0,24
0.0,19.73230211817168,1032813.0,230400.0,24
0.0,23.33666038234719,4221990.0,2073600.0,24
0.0,21.255190256830943,1035950.0,230400.0,24
0.0,22.80305672761369,2951985.0,921600.0,24
0.0,24.748344918901026,233011.0,57600.0,24
0.498744476745296,21.782041165154933,4497907.0,2073600.0,24
