SD,QP,BR,RS,FR
0.0,0.010940272028385569,232755.0,57600.0,24
4.499734990710364,22.89259486843363,3074410.0,921600.0,24
0.0,32.82858617131063,232491.0,57600.0,24
3.019558690584364,24.082256843016335,2955563.0,921600.0,24
0.0,19.516569200779724,232633.0,57600.0,24
1.158492101190916,23.38747922260581,2947407.0,921600.0,24
0.0,27.537115193644485,233285.0,57600.0,24
