SD,QP,BR,RS,FR
17.67507988407871,22.89259486843363,3074410.0,921600.0,24
0.6349602098331388,32.82858617131063,232491.0,57600.0,24
2.7933972694425275,24.136302294197034,232999.0,57600.0,24
0.0,19.516569200779724,232633.0,57600.0,24
0.0,24.506175889328063,370051.0,82944.0,24
4.126036419069535,26.40780551954411,4246721.0,2073600.0,24
0.0,26.434310207336527,232581.0,57600.0,24
