SD,QP,BR,RS,FR
0.0,22.64290580820985,237099.0,57600.0,24
0.0,22.661881977671452,232575.0,57600.0,24
0.0,19.61513831635166,1032401.0,230400.0,24
0.0,20.643554185927066,1725187.0,499200.0,24
0.0,25.371198830409362,232640.0,57600.0,24
3.3740575481666397,23.49674388981769,2956359.0,921600.0,24
0.0,20.84030860283238,248105.0,57600.0,24
