SD,QP,BR,RS,FR
0.0,32.82858617131063,232491.0,57600.0,24
0.0,24.082256843016335,2955563.0,921600.0,24
0.0,22.60443194249102,2948590.0,921600.0,24
0.0,23.38747922260581,2947407.0,921600.0,24
0.0,25.25722008371721,1035782.0,230400.0,24
0.0,25.781019693973846,4223770.0,2073600.0,24
0.0,26.242474082934617,232594.0,57600.0,24
