SD,QP,BR,RS,FR
0.0,26.242474082934617,232594.0,57600.0,24
2.077320437207577,28.497797441044334,2957916.0,921600.0,24
0.0,31.14451971512941,240195.0,57600.0,24
0.7213215956343868,30.643993202062827,2312564.0,921600.0,24
0.0,31.20579538734477,232602.0,57600.0,24
0.16516301110182674,23.674138339733567,2947976.0,921600.0,24
0.0,21.585421888053467,233009.0,57600.0,24
