SD,QP,BR,RS,FR
3.294815988188369,23.674138339733567,2947976.0,921600.0,24
0.0,21.585421888053467,233009.0,57600.0,24
3.752949718025695,6.647203653660773,2309734.0,921600.0,24
0.0,10.558791642026415,234509.0,57600.0,24
5.880859076230289,13.326725645331623,1725766.0,499200.0,24
0.0,29.540360733293905,232630.0,57600.0,24
2.5767047925786715,24.727416999936523,1724229.0,499200.0,24
