SD,QP,BR,RS,FR
0.0,26.242474082934617,232594.0,57600.0,24
1.4048498539494974,30.77162989696164,4234875.0,2073600.0,24
0.0,31.14451971512941,240195.0,57600.0,24
0.0,28.51672819971871,2951762.0,921600.0,24
0.0,27.593889744842354,1032996.0,230400.0,24
0.48154222907945154,23.674138339733567,2947976.0,921600.0,24
0.0,21.585421888053467,233009.0,57600.0,24
