SD,QP,BR,RS,FR
0.0,21.585421888053467,233009.0,57600.0,24
2.1383774783060208,6.647203653660773,2309734.0,921600.0,24
0.0,10.558791642026415,234509.0,57600.0,24
5.63179180838514,19.965915664888673,2956354.0,921600.0,24
0.0,29.540360733293905,232630.0,57600.0,24
5.421983528155493,20.513435922892363,2954661.0,921600.0,24
0.0,26.8348966475595,241670.0,57600.0,24
