SD,QP,BR,RS,FR
2.346556106184197,23.948062907556576,2947400.0,921600.0,24
0.0,26.242474082934617,232594.0,57600.0,24
7.475321796099397,28.497797441044334,2957916.0,921600.0,24
0.0,31.14451971512941,240195.0,57600.0,24
1.028131976178524,29.616592344853217,1034242.0,230400.0,24
0.0,31.20579538734477,232602.0,57600.0,24
4.306513498156473,23.674138339733567,2947976.0,921600.0,24
