SD,QP,BR,RS,FR
0.0,0.010940272028385569,232755.0,57600.0,24
3.921670149921191,22.89259486843363,3074410.0,921600.0,24
0.0,32.82858617131063,232491.0,57600.0,24
3.8586201089562167,24.082256843016335,2955563.0,921600.0,24
0.0,19.516569200779724,232633.0,57600.0,24
2.5005481471597104,25.376828410689168,2309197.0,921600.0,24
0.0,27.537115193644485,233285.0,57600.0,24
