SD,QP,BR,RS,FR
4.126036419069535,26.40780551954411,4246721.0,2073600.0,24
0.0,26.434310207336527,232581.0,57600.0,24
0.0,23.254401611047182,2947405.0,921600.0,24
0.0,28.352197240674503,232938.0,57600.0,24
2.958668172526819,31.27498739740508,4375712.0,2073600.0,24
0.0,33.307520102339176,232776.0,57600.0,24
0.0,26.536693057728474,2947976.0,921600.0,24
