SD,QP,BR,RS,FR
0.0,31.20579538734477,232602.0,57600.0,24
5.058978103731624,23.674138339733567,2947976.0,921600.0,24
0.0,21.585421888053467,233009.0,57600.0,24
2.2153427696368535,6.647203653660773,2309734.0,921600.0,24
0.0,10.558791642026415,234509.0,57600.0,24
6.213855298307307,22.03406575909561,2317943.0,921600.0,24
0.0,29.540360733293905,232630.0,57600.0,24
