SD,QP,BR,RS,FR
0.0,10.558791642026415,234509.0,57600.0,24
6.213855298307307,22.03406575909561,2317943.0,921600.0,24
0.0,29.540360733293905,232630.0,57600.0,24
6.344220935302225,21.923248117812523,2314825.0,921600.0,24
0.0,26.8348966475595,241670.0,57600.0,24
4.445469967755619,23.27656155446053,1720404.0,499200.0,24
0.0,22.64290580820985,237099.0,57600.0,24
