SD,QP,BR,RS,FR
8.02424039355164,23.674138339733567,2947976.0,921600.0,24
0.0,21.585421888053467,233009.0,57600.0,24
0.0,1.5372560615020698,232732.0,57600.0,24
7.0025815415795165,12.68170167038038,2948438.0,921600.0,24
0.0,23.438761999337967,237005.0,57600.0,24
1.362737876203254,21.021489277165646,1720423.0,499200.0,24
0.0,22.251547987616103,232943.0,57600.0,24
