SD,QP,BR,RS,FR
0.2465536820280656,20.513435922892363,2954661.0,921600.0,24
0.0,26.8348966475595,241670.0,57600.0,24
0.0,23.283610676527754,2947965.0,921600.0,24
0.0,22.64290580820985,237099.0,57600.0,24
0.37904742842516015,23.264517705477918,4225518.0,2073600.0,24
0.0,23.81278049775602,232645.0,57600.0,24
0.0,21.69119762226999,2956352.0,921600.0,24
