SD,QP,BR,RS,FR
1.362737876203254,21.021489277165646,1720423.0,499200.0,24
0.0,22.251547987616103,232943.0,57600.0,24
3.0560461701332793,24.33545835596218,2349574.0,921600.0,24
0.0,26.03553124383993,232936.0,57600.0,24
4.119772559227471,19.71123400652711,2955090.0,921600.0,24
0.0,22.661881977671452,232575.0,57600.0,24
3.627138540649682,20.558407745396263,2946164.0,921600.0,24
