SD,QP,BR,RS,FR
0.0,25.61923228875298,2309645.0,921600.0,24
0.0,23.16493535130315,4234266.0,2073600.0,24
0.0,22.231777861330436,3009660.0,921600.0,24
0.0,25.372243080973302,4224584.0,2073600.0,24
0.0,20.717559953735922,5802098.0,2073600.0,24
0.0,22.36255593913822,2312024.0,921600.0,24
0.0,21.058461414661622,5694090.0,2073600.0,24
