SD,QP,BR,RS,FR
0.0,23.210540432750644,5696522.0,2073600.0,24
0.0,28.003324630823204,5711606.0,2073600.0,24
0.0,28.181953328798034,5875095.0,2073600.0,24
0.0,28.51672819971871,2951762.0,921600.0,24
0.0,28.651299799301505,2309632.0,921600.0,24
0.0,27.558952695878993,1720423.0,499200.0,24
0.0,21.6165654497093,4236170.0,2073600.0,24
