SD,QP,BR,RS,FR
0.0,29.616592344853217,1034242.0,230400.0,24
0.0,30.44881398252185,551820.0,147456.0,24
2.9893249633411116,23.674138339733567,2947976.0,921600.0,24
0.0,21.585421888053467,233009.0,57600.0,24
2.4210426010589616,5.032434140868219,2948075.0,921600.0,24
0.0,10.558791642026415,234509.0,57600.0,24
7.3047285798773665,19.965915664888673,2956354.0,921600.0,24
