SD,QP,BR,RS,FR
0.0,19.516569200779724,232633.0,57600.0,24
0.0,25.61637759170654,232573.0,57600.0,24
15.757323052795872,27.033694238781415,2319372.0,921600.0,24
0.0,26.434310207336527,232581.0,57600.0,24
4.411040209078454,24.844008264462808,1720104.0,499200.0,24
0.0,28.352197240674503,232938.0,57600.0,24
3.5801038850488434,29.139407901626104,1790320.0,499200.0,24
