SD,QP,BR,RS,FR
3.5801038850488434,29.139407901626104,1790320.0,499200.0,24
0.0,33.307520102339176,232776.0,57600.0,24
2.1280505741756546,28.651299799301505,2309632.0,921600.0,24
0.0,29.75542085550956,232604.0,57600.0,24
7.971777630447178,20.89413435134954,2315858.0,921600.0,24
0.0,1.5372560615020698,232732.0,57600.0,24
2.931067197883918,13.87458082460216,2315066.0,921600.0,24
