SD,QP,BR,RS,FR
0.0,22.03406575909561,2317943.0,921600.0,24
0.0,23.278029045971017,2947978.0,921600.0,24
0.0,23.16493535130315,4234266.0,2073600.0,24
0.0,26.8348966475595,241670.0,57600.0,24
1.6951926606672352,25.372243080973302,4224584.0,2073600.0,24
0.0,22.64290580820985,237099.0,57600.0,24
28.79209130292017,20.592200485871373,2947387.0,921600.0,24
