ABR,Mean_FTW,Mean_bits,Mean_logbits,Mean_psnr,Mean_ssim,Mean_vmaf,Mean_SDNdash,Mean_videoAtlas,Mean_scoresbiqps,Mean_scoresp1203
th,66.47586308038694,19.5630388897356,53.47938297694412,64.70657947915086,65.56655135647783,59.13257168512127,59.13257168512133,64.7187517078814,39.870411007352935,77.63233308052786
bb,60.15380278983988,29.015790523956422,33.8924816569644,48.892641804870394,46.84583568993412,54.85037498937682,54.85037498937676,61.59620826952203,40.65221958823529,59.51197901025869
mpc,65.65838978226748,19.341497908544078,53.25527548647648,62.42438036017924,63.560195018306224,58.821426137524796,58.82142613752487,63.44971217953236,40.250382470588235,73.25043298293976
