SD,QP,BR,RS,FR
0.0,29.680721409005304,1720410.0,499200.0,24
0.0,27.558952695878993,1720423.0,499200.0,24
0.0,25.406998955465916,1724986.0,499200.0,24
0.0,19.707261476753,1720520.0,499200.0,24
0.0,4.648505623748434,1723808.0,499200.0,24
0.0,13.326725645331623,1725766.0,499200.0,24
0.0,21.021489277165646,1720423.0,499200.0,24
