SD,QP,BR,RS,FR
2.854073604594628,0.00545171339563863,233193.0,57600.0,24
0.0,0.0013259822737106566,370251.0,82944.0,24
0.0,22.411681803946138,776386.0,147456.0,24
0.0,28.579021716213365,737770.0,147456.0,24
0.0,22.89042534945545,1035520.0,230400.0,24
0.0,20.17428465254552,1033205.0,230400.0,24
0.0,21.92004223021172,1720095.0,499200.0,24
