SD,QP,BR,RS,FR
0.0,24.940268479069452,740969.0,147456.0,24
0.0,23.930311176278916,739016.0,147456.0,24
0.0,23.517004724666013,738231.0,147456.0,24
0.0,26.939624873856005,739943.0,147456.0,24
0.0,28.662390432591646,764694.0,147456.0,24
0.0,29.616592344853217,1034242.0,230400.0,24
0.0,27.593889744842354,1032996.0,230400.0,24
