SD,QP,BR,RS,FR
0.0,19.71123400652711,2955090.0,921600.0,24
0.0,20.592200485871373,2947387.0,921600.0,24
0.0,22.349259150230594,2308232.0,921600.0,24
0.0,23.749327282859646,2316143.0,921600.0,24
0.0,22.36105377406944,1721331.0,499200.0,24
0.0,23.382577184272108,1725197.0,499200.0,24
0.0,23.197759494529567,1798480.0,499200.0,24
