SD,QP,BR,RS,FR
0.0,20.386391331057332,1763008.0,499200.0,24
0.0,23.27656155446053,1720404.0,499200.0,24
0.0,21.58852156814551,2315169.0,921600.0,24
0.0,22.36255593913822,2312024.0,921600.0,24
0.0,22.349259150230594,2308232.0,921600.0,24
0.0,20.643554185927066,1725187.0,499200.0,24
0.0,22.36105377406944,1721331.0,499200.0,24
