SD,QP,BR,RS,FR
0.0,4.648505623748434,1723808.0,499200.0,24
0.0,13.326725645331623,1725766.0,499200.0,24
0.0,21.021489277165646,1720423.0,499200.0,24
0.0,24.727416999936523,1724229.0,499200.0,24
0.0,20.386391331057332,1763008.0,499200.0,24
0.0,23.27656155446053,1720404.0,499200.0,24
0.0,18.927795997445635,1051056.0,230400.0,24
