SD,QP,BR,RS,FR
0.0,22.65419791971079,1089236.0,230400.0,24
0.0,28.48607777559184,1032171.0,230400.0,24
0.5917553561120625,22.89042534945545,1035520.0,230400.0,24
0.912673004122631,20.17428465254552,1033205.0,230400.0,24
0.0,23.22073558162268,738218.0,147456.0,24
0.0,24.940268479069452,740969.0,147456.0,24
0.0,23.930311176278916,739016.0,147456.0,24
