SD,QP,BR,RS,FR
0.0,23.494419600916913,1032994.0,230400.0,24
0.0,18.927795997445635,1051056.0,230400.0,24
0.0,19.73230211817168,1032813.0,230400.0,24
0.0,19.61513831635166,1032401.0,230400.0,24
0.0,21.255190256830943,1035950.0,230400.0,24
0.0,22.82507122507123,1033196.0,230400.0,24
0.0,22.401043309985067,1035763.0,230400.0,24
