SD,QP,BR,RS,FR
0.0,21.021489277165646,1720423.0,499200.0,24
0.0,24.727416999936523,1724229.0,499200.0,24
0.0,22.66669978034593,1065252.0,230400.0,24
0.0,23.494419600916913,1032994.0,230400.0,24
0.0,18.927795997445635,1051056.0,230400.0,24
0.0,20.16496875950554,1722868.0,499200.0,24
0.0,20.733009992062378,1719386.0,499200.0,24
