SD,QP,BR,RS,FR
0.0,24.333514389174766,7954662.0,3686400.0,24
0.0,24.61887122081141,7992487.0,3686400.0,24
0.0,24.584703163712604,7954660.0,3686400.0,24
0.0,24.015625595578424,7959229.0,3686400.0,24
0.0,28.535480653762384,7975825.0,3686400.0,24
0.0,28.671588102206453,8413071.0,3686400.0,24
0.0,28.24459366992779,7966738.0,3686400.0,24
