SD,QP,BR,RS,FR
0.0,25.781019693973846,4223770.0,2073600.0,24
0.0,25.04013363366737,4223760.0,2073600.0,24
0.0,30.77162989696164,4234875.0,2073600.0,24
0.0,31.27498739740508,4375712.0,2073600.0,24
0.0,27.651761255972975,5705116.0,2073600.0,24
0.0,25.428000744250113,5697664.0,2073600.0,24
0.0,22.759754397462885,5697656.0,2073600.0,24
