SD,QP,BR,RS,FR
0.0,27.033694238781415,2319372.0,921600.0,24
0.0,23.948062907556576,2947400.0,921600.0,24
0.0,23.254401611047182,2947405.0,921600.0,24
0.0,28.497797441044334,2957916.0,921600.0,24
0.0,28.622035621283647,3082617.0,921600.0,24
0.0,30.643993202062827,2312564.0,921600.0,24
0.0,28.651299799301505,2309632.0,921600.0,24
