SD,QP,BR,RS,FR
0.1105865885629974,0.00545171339563863,233193.0,57600.0,24
0.0,1.250513218309749,11393506.0,8294400.0,24
0.0,26.2609632909507,12180806.0,8294400.0,24
0.0,31.533847822718116,11383682.0,8294400.0,24
0.0,26.95223211624885,11423292.0,8294400.0,24
0.0,27.50975911290184,11410952.0,8294400.0,24
0.0,27.319162686840514,11391082.0,8294400.0,24
