SD,QP,BR,RS,FR
0.0,28.13503657387819,11393405.0,8294400.0,24
0.0,25.573155591772494,11393396.0,8294400.0,24
0.0,23.31067690922642,11424963.0,8294400.0,24
0.0,8.754301544269104,11393484.0,8294400.0,24
0.0,15.901235380460617,11505423.0,8294400.0,24
0.0,21.01814933481007,7988263.0,3686400.0,24
0.0,23.619614632652578,7956275.0,3686400.0,24
