SD,QP,BR,RS,FR
0.0,26.566264664861762,11419794.0,8294400.0,24
0.0,24.257588074009632,11538432.0,8294400.0,24
0.0,23.447913378716855,7956253.0,3686400.0,24
0.0,22.23263112902241,8159381.0,3686400.0,24
0.0,25.122440232168266,11408040.0,8294400.0,24
0.0,25.324649072542428,11386205.0,8294400.0,24
0.0,25.01496861193711,11426579.0,8294400.0,24
