SD,QP,BR,RS,FR
0.0,23.447913378716855,7956253.0,3686400.0,24
0.0,25.624528367177756,11421541.0,8294400.0,24
0.0,25.122440232168266,11408040.0,8294400.0,24
0.0,25.324649072542428,11386205.0,8294400.0,24
0.0,25.01496861193711,11426579.0,8294400.0,24
0.0,25.782409215352033,11428932.0,8294400.0,24
0.0,26.924655491522152,11426579.0,8294400.0,24
