SD,QP,BR,RS,FR
0.0,22.613312079623654,5697664.0,2073600.0,24
0.0,21.57543761449216,5710759.0,2073600.0,24
0.0,21.499641498999132,5809423.0,2073600.0,24
0.0,22.871696001599584,5697647.0,2073600.0,24
0.0,20.717559953735922,5802098.0,2073600.0,24
0.0,21.115190929312902,5705035.0,2073600.0,24
0.0,21.058461414661622,5694090.0,2073600.0,24
