SD,QP,BR,RS,FR
0.0,28.24459366992779,7966738.0,3686400.0,24
0.0,26.058601276706003,7956270.0,3686400.0,24
0.0,23.477630948735463,7956266.0,3686400.0,24
0.0,20.711749359422313,7978247.0,3686400.0,24
0.0,7.4493628247709225,7956359.0,3686400.0,24
0.0,13.378209627902228,7980807.0,3686400.0,24
0.0,20.101412762663333,5718931.0,2073600.0,24
