SD,QP,BR,RS,FR
0.0,30.643993202062827,2312564.0,921600.0,24
0.0,28.651299799301505,2309632.0,921600.0,24
0.0,25.86192575736026,2309632.0,921600.0,24
0.0,19.359560645636595,2955975.0,921600.0,24
0.0,5.032434140868219,2948075.0,921600.0,24
0.0,12.68170167038038,2948438.0,921600.0,24
0.0,19.965915664888673,2956354.0,921600.0,24
