SD,QP,BR,RS,FR
0.0,28.163235396747854,370119.0,82944.0,24
0.0,21.084764340518813,370772.0,82944.0,24
0.0,25.250599594120906,387659.0,82944.0,24
0.0,24.72876683648545,370106.0,82944.0,24
0.0,20.811644455164927,370811.0,82944.0,24
0.0,21.42176030491248,370069.0,82944.0,24
0.0,22.157518416871298,369934.0,82944.0,24
