SD,QP,BR,RS,FR
0.0,24.844008264462808,1720104.0,499200.0,24
0.0,24.275032684316194,1724458.0,499200.0,24
0.0,29.139407901626104,1790320.0,499200.0,24
0.0,30.068391584921205,1722562.0,499200.0,24
0.0,29.680721409005304,1720410.0,499200.0,24
0.0,25.86192575736026,2309632.0,921600.0,24
0.0,20.89413435134954,2315858.0,921600.0,24
