SD,QP,BR,RS,FR
0.0,25.428000744250113,5697664.0,2073600.0,24
0.0,22.759754397462885,5697656.0,2073600.0,24
0.0,19.697608455146767,5713338.0,2073600.0,24
0.0,4.322092287013946,5697755.0,2073600.0,24
0.0,12.843317300482651,5713378.0,2073600.0,24
0.0,20.101412762663333,5718931.0,2073600.0,24
0.0,22.613312079623654,5697664.0,2073600.0,24
