SD,QP,BR,RS,FR
0.0,6.647203653660773,2309734.0,921600.0,24
0.0,13.87458082460216,2315066.0,921600.0,24
0.0,22.03406575909561,2317943.0,921600.0,24
0.0,25.61923228875298,2309645.0,921600.0,24
0.0,24.727416999936523,1724229.0,499200.0,24
0.0,20.386391331057332,1763008.0,499200.0,24
0.0,23.27656155446053,1720404.0,499200.0,24
