SD,QP,BR,RS,FR
5.158974648842665,0.00545171339563863,233193.0,57600.0,24
0.806206370290818,0.010940272028385569,232755.0,57600.0,24
0.7379145330715691,26.24693408277977,239988.0,57600.0,24
0.0,32.82858617131063,232491.0,57600.0,24
0.4695554181900814,24.136302294197034,232999.0,57600.0,24
0.004086979290116588,19.516569200779724,232633.0,57600.0,24
0.0,25.61637759170654,232573.0,57600.0,24
