SD,QP,BR,RS,FR
0.0,23.27656155446053,1720404.0,499200.0,24
0.0,24.17209420427855,1734634.0,499200.0,24
0.0,22.36255593913822,2312024.0,921600.0,24
0.0,22.349259150230594,2308232.0,921600.0,24
0.0,23.749327282859646,2316143.0,921600.0,24
0.0,24.991592436318175,2312945.0,921600.0,24
0.0,25.509542764641886,2316148.0,921600.0,24
