SD,QP,BR,RS,FR
0.0,25.76573053851596,1720104.0,499200.0,24
0.0,25.08075054340877,2309194.0,921600.0,24
0.0,30.561872379938002,2315784.0,921600.0,24
0.0,31.058790436005623,2409425.0,921600.0,24
0.0,30.068391584921205,1722562.0,499200.0,24
0.0,28.651299799301505,2309632.0,921600.0,24
0.0,25.86192575736026,2309632.0,921600.0,24
