SD,QP,BR,RS,FR
0.0,27.033694238781415,2319372.0,921600.0,24
0.0,25.576157141030556,2309192.0,921600.0,24
0.0,25.08075054340877,2309194.0,921600.0,24
0.0,24.275032684316194,1724458.0,499200.0,24
0.0,29.139407901626104,1790320.0,499200.0,24
0.0,30.068391584921205,1722562.0,499200.0,24
0.0,27.593889744842354,1032996.0,230400.0,24
