SD,QP,BR,RS,FR
0.0,23.674138339733567,2947976.0,921600.0,24
0.0,19.359560645636595,2955975.0,921600.0,24
0.0,6.220461879398155,4224692.0,2073600.0,24
0.0,14.067462940232273,4232346.0,2073600.0,24
0.0,22.365835346347197,4236748.0,2073600.0,24
0.0,25.102621815414867,4224612.0,2073600.0,24
0.0,23.16493535130315,4234266.0,2073600.0,24
