SD,QP,BR,RS,FR
0.0,24.26222294654498,1724760.0,499200.0,24
0.0,24.26222294654498,1720770.0,499200.0,24
0.0,21.92004223021172,1720095.0,499200.0,24
0.0,23.732840733996362,1727222.0,499200.0,24
0.0,25.76573053851596,1720104.0,499200.0,24
0.0,24.844008264462808,1720104.0,499200.0,24
0.0,24.275032684316194,1724458.0,499200.0,24
