SD,QP,BR,RS,FR
0.0,25.5147238514174,551744.0,147456.0,24
0.0,28.78212757072763,552946.0,147456.0,24
0.0,30.817328507044255,565464.0,147456.0,24
0.0,31.963410991636803,552418.0,147456.0,24
0.0,30.44881398252185,551820.0,147456.0,24
0.0,28.269018565502797,551836.0,147456.0,24
0.0,21.543556920976275,553141.0,147456.0,24
