SD,QP,BR,RS,FR
0.0,31.576061483414726,11822120.0,8294400.0,24
0.0,30.305249173511026,11408452.0,8294400.0,24
0.0,28.13503657387819,11393405.0,8294400.0,24
0.0,23.477630948735463,7956266.0,3686400.0,24
0.0,20.711749359422313,7978247.0,3686400.0,24
0.0,7.4493628247709225,7956359.0,3686400.0,24
0.0,13.378209627902228,7980807.0,3686400.0,24
