SD,QP,BR,RS,FR
0.0,23.215055973472545,7974642.0,3686400.0,24
0.0,24.257588074009632,11538432.0,8294400.0,24
0.0,23.447913378716855,7956253.0,3686400.0,24
0.0,22.23263112902241,8159381.0,3686400.0,24
0.0,22.363772155517438,7970626.0,3686400.0,24
0.0,22.46448328539158,7951264.0,3686400.0,24
0.0,22.570057882731437,7979349.0,3686400.0,24
