SD,QP,BR,RS,FR
1.0456572937358146,26.24693408277977,239988.0,57600.0,24
0.0,32.82858617131063,232491.0,57600.0,24
0.7832717633443895,24.136302294197034,232999.0,57600.0,24
0.2800302458566932,19.516569200779724,232633.0,57600.0,24
0.3216498265819574,25.61637759170654,232573.0,57600.0,24
1.158058755187545,27.537115193644485,233285.0,57600.0,24
0.3733412598186687,26.434310207336527,232581.0,57600.0,24
