SD,QP,BR,RS,FR
0.0,24.275032684316194,1724458.0,499200.0,24
0.0,29.139407901626104,1790320.0,499200.0,24
0.0,30.068391584921205,1722562.0,499200.0,24
0.0,29.680721409005304,1720410.0,499200.0,24
0.0,27.558952695878993,1720423.0,499200.0,24
0.0,25.406998955465916,1724986.0,499200.0,24
0.0,19.707261476753,1720520.0,499200.0,24
