SD,QP,BR,RS,FR
0.0,0.10784093073180868,1720540.0,499200.0,24
0.0,23.065742167437087,1824445.0,499200.0,24
0.0,29.37283905858183,1719007.0,499200.0,24
0.0,24.26222294654498,1724760.0,499200.0,24
0.0,24.26222294654498,1720770.0,499200.0,24
0.0,25.376828410689168,2309197.0,921600.0,24
0.0,27.033694238781415,2319372.0,921600.0,24
