SD,QP,BR,RS,FR
0.0,25.376828410689168,2309197.0,921600.0,24
0.0,27.033694238781415,2319372.0,921600.0,24
0.0,25.576157141030556,2309192.0,921600.0,24
0.0,25.08075054340877,2309194.0,921600.0,24
0.0,30.561872379938002,2315784.0,921600.0,24
0.0,31.058790436005623,2409425.0,921600.0,24
0.0,30.643993202062827,2312564.0,921600.0,24
