SD,QP,BR,RS,FR
0.0,31.963410991636803,552418.0,147456.0,24
0.0,30.44881398252185,551820.0,147456.0,24
0.0,28.269018565502797,551836.0,147456.0,24
0.0,21.543556920976275,553141.0,147456.0,24
0.0,2.6464097297732674,551941.0,147456.0,24
0.0,11.131911723249166,552314.0,147456.0,24
0.0,22.302850476770136,559855.0,147456.0,24
