SD,QP,BR,RS,FR
0.0,11.131911723249166,552314.0,147456.0,24
0.0,22.302850476770136,559855.0,147456.0,24
0.0,28.164854415851156,551842.0,147456.0,24
0.0,21.302814674256798,552916.0,147456.0,24
0.0,25.016980730331095,569291.0,147456.0,24
0.0,25.220631468728612,551814.0,147456.0,24
0.0,21.053171869019028,552974.0,147456.0,24
