SD,QP,BR,RS,FR
0.0,28.646182140676345,5692838.0,2073600.0,24
0.0,24.164395509334955,5712516.0,2073600.0,24
0.0,23.585203493161973,5698841.0,2073600.0,24
0.0,23.047285759223477,5696520.0,2073600.0,24
0.0,23.878813456570203,5731136.0,2073600.0,24
0.0,23.665062014110458,5696522.0,2073600.0,24
0.0,23.210540432750644,5696522.0,2073600.0,24
