SD,QP,BR,RS,FR
0.0,13.378209627902228,7980807.0,3686400.0,24
0.0,21.01814933481007,7988263.0,3686400.0,24
0.0,23.619614632652578,7956275.0,3686400.0,24
0.0,23.215055973472545,7974642.0,3686400.0,24
0.0,22.122224297901493,8066045.0,3686400.0,24
0.0,23.447913378716855,7956253.0,3686400.0,24
0.0,22.23263112902241,8159381.0,3686400.0,24
