SD,QP,BR,RS,FR
0.0,25.25897404566586,4224595.0,2073600.0,24
0.0,21.6165654497093,4236170.0,2073600.0,24
0.0,5.032434140868219,2948075.0,921600.0,24
0.0,12.68170167038038,2948438.0,921600.0,24
0.0,19.965915664888673,2956354.0,921600.0,24
0.0,23.278029045971017,2947978.0,921600.0,24
0.0,20.513435922892363,2954661.0,921600.0,24
