SD,QP,BR,RS,FR
0.0,25.337363043446967,4417511.0,2073600.0,24
0.0,31.143963536971878,4221045.0,2073600.0,24
0.0,26.17728929807217,4235553.0,2073600.0,24
0.0,25.190594276926454,4225480.0,2073600.0,24
0.0,25.284713016222533,4223766.0,2073600.0,24
0.0,26.40780551954411,4246721.0,2073600.0,24
0.0,25.781019693973846,4223770.0,2073600.0,24
