SD,QP,BR,RS,FR
0.0,0.10784093073180868,1720540.0,499200.0,24
0.4961284486390314,23.065742167437087,1824445.0,499200.0,24
0.0,29.37283905858183,1719007.0,499200.0,24
0.0,24.26222294654498,1724760.0,499200.0,24
0.0,24.26222294654498,1720770.0,499200.0,24
0.0,21.92004223021172,1720095.0,499200.0,24
0.0,23.732840733996362,1727222.0,499200.0,24
