SD,QP,BR,RS,FR
0.0,13.326725645331623,1725766.0,499200.0,24
0.0,21.021489277165646,1720423.0,499200.0,24
0.0,24.727416999936523,1724229.0,499200.0,24
0.0,20.386391331057332,1763008.0,499200.0,24
0.0,23.27656155446053,1720404.0,499200.0,24
0.0,24.17209420427855,1734634.0,499200.0,24
0.0,20.16496875950554,1722868.0,499200.0,24
