SD,QP,BR,RS,FR
0.0,23.665062014110458,5696522.0,2073600.0,24
0.0,23.210540432750644,5696522.0,2073600.0,24
0.0,28.003324630823204,5711606.0,2073600.0,24
0.0,28.181953328798034,5875095.0,2073600.0,24
0.0,27.651761255972975,5705116.0,2073600.0,24
0.0,25.428000744250113,5697664.0,2073600.0,24
0.0,22.759754397462885,5697656.0,2073600.0,24
