SD,QP,BR,RS,FR
0.0,23.283610676527754,2947965.0,921600.0,24
0.0,19.71123400652711,2955090.0,921600.0,24
0.0,22.36255593913822,2312024.0,921600.0,24
0.0,22.349259150230594,2308232.0,921600.0,24
0.0,23.749327282859646,2316143.0,921600.0,24
0.0,24.991592436318175,2312945.0,921600.0,24
0.0,23.49674388981769,2956359.0,921600.0,24
