SD,QP,BR,RS,FR
0.0,31.14451971512941,240195.0,57600.0,24
0.0,33.307520102339176,232776.0,57600.0,24
0.0,30.301242236024848,370109.0,82944.0,24
0.0,29.75542085550956,232604.0,57600.0,24
0.0,21.025939071280686,370911.0,82944.0,24
0.0,1.0775001744713517,370229.0,82944.0,24
0.0,9.50778142229046,373804.0,82944.0,24
