SD,QP,BR,RS,FR
0.0,23.254401611047182,2947405.0,921600.0,24
0.0,28.497797441044334,2957916.0,921600.0,24
0.0,28.622035621283647,3082617.0,921600.0,24
0.0,28.51672819971871,2951762.0,921600.0,24
0.0,26.536693057728474,2947976.0,921600.0,24
0.0,23.674138339733567,2947976.0,921600.0,24
0.0,19.359560645636595,2955975.0,921600.0,24
