SD,QP,BR,RS,FR
0.0,2.320782132702015,1033117.0,230400.0,24
0.0,11.409104004609622,1038666.0,230400.0,24
0.0,20.246566121873748,1036908.0,230400.0,24
0.0,21.021489277165646,1720423.0,499200.0,24
0.0,24.727416999936523,1724229.0,499200.0,24
0.0,20.386391331057332,1763008.0,499200.0,24
0.0,23.27656155446053,1720404.0,499200.0,24
