SD,QP,BR,RS,FR
0.10766344171107001,0.0013259822737106566,370251.0,82944.0,24
0.9358772416376286,24.740426943255137,383753.0,82944.0,24
0.1473878193604632,31.063975155279504,369866.0,82944.0,24
1.1127538299145705,23.59698996655518,370881.0,82944.0,24
0.4123509900242013,19.446238785369218,370173.0,82944.0,24
0.31127647670795877,24.506175889328063,370051.0,82944.0,24
1.6489868500754206,26.838187038556192,370934.0,82944.0,24
