SD,QP,BR,RS,FR
0.0,25.25722008371721,1035782.0,230400.0,24
0.0,24.009488699706086,1033477.0,230400.0,24
0.0,23.76137630485456,1032826.0,230400.0,24
0.0,24.275032684316194,1724458.0,499200.0,24
0.0,29.139407901626104,1790320.0,499200.0,24
0.0,30.068391584921205,1722562.0,499200.0,24
0.0,29.680721409005304,1720410.0,499200.0,24
