SD,QP,BR,RS,FR
0.0,19.212719647502258,1035653.0,230400.0,24
0.0,2.320782132702015,1033117.0,230400.0,24
0.0,4.648505623748434,1723808.0,499200.0,24
0.0,13.326725645331623,1725766.0,499200.0,24
0.0,21.021489277165646,1720423.0,499200.0,24
0.0,21.923248117812523,2314825.0,921600.0,24
0.0,22.231777861330436,3009660.0,921600.0,24
