SD,QP,BR,RS,FR
0.0,25.102621815414867,4224612.0,2073600.0,24
0.0,20.513435922892363,2954661.0,921600.0,24
0.0,22.231777861330436,3009660.0,921600.0,24
0.0,23.283610676527754,2947965.0,921600.0,24
0.0,19.71123400652711,2955090.0,921600.0,24
0.0,22.36255593913822,2312024.0,921600.0,24
0.0,22.349259150230594,2308232.0,921600.0,24
