SD,QP,BR,RS,FR
1.5204330571781153,25.250599594120906,387659.0,82944.0,24
2.1927483791861375,24.72876683648545,370106.0,82944.0,24
5.0509841564763995,22.64290580820985,237099.0,57600.0,24
1.337215132860476,22.661881977671452,232575.0,57600.0,24
2.3023740572871176,23.81278049775602,232645.0,57600.0,24
4.844777351168402,23.161618669314795,233006.0,57600.0,24
0.0,25.371198830409362,232640.0,57600.0,24
