SD,QP,BR,RS,FR
0.0,30.561872379938002,2315784.0,921600.0,24
0.0,29.139407901626104,1790320.0,499200.0,24
0.0,30.068391584921205,1722562.0,499200.0,24
0.0,29.680721409005304,1720410.0,499200.0,24
0.0,25.656821114075633,1033011.0,230400.0,24
0.4387769638585324,19.212719647502258,1035653.0,230400.0,24
0.5543355817778126,2.320782132702015,1033117.0,230400.0,24
