SD,QP,BR,RS,FR
3.8224188645110537,22.89042534945545,1035520.0,230400.0,24
0.0,20.17428465254552,1033205.0,230400.0,24
0.0,23.423570994223166,1033944.0,230400.0,24
0.0,25.25722008371721,1035782.0,230400.0,24
0.0,23.930311176278916,739016.0,147456.0,24
0.0,23.517004724666013,738231.0,147456.0,24
0.0,28.104263402279436,1035338.0,230400.0,24
