SD,QP,BR,RS,FR
0.0,23.423570994223166,1033944.0,230400.0,24
0.0,25.25722008371721,1035782.0,230400.0,24
0.0,23.930311176278916,739016.0,147456.0,24
0.0,23.517004724666013,738231.0,147456.0,24
0.0,28.104263402279436,1035338.0,230400.0,24
0.0,29.317317350464148,1067784.0,230400.0,24
0.0,29.616592344853217,1034242.0,230400.0,24
