SD,QP,BR,RS,FR
0.0,26.838187038556192,370934.0,82944.0,24
0.0,26.300362495927008,552082.0,147456.0,24
0.0,25.5147238514174,551744.0,147456.0,24
0.0,28.78212757072763,552946.0,147456.0,24
0.0,28.662390432591646,764694.0,147456.0,24
0.0,29.610289725209082,739198.0,147456.0,24
0.0,30.44881398252185,551820.0,147456.0,24
