SD,QP,BR,RS,FR
0.0,29.616592344853217,1034242.0,230400.0,24
0.0,27.593889744842354,1032996.0,230400.0,24
0.0,27.558952695878993,1720423.0,499200.0,24
0.0,25.406998955465916,1724986.0,499200.0,24
0.0,19.707261476753,1720520.0,499200.0,24
0.0,11.409104004609622,1038666.0,230400.0,24
0.0,20.246566121873748,1036908.0,230400.0,24
