SD,QP,BR,RS,FR
0.0,25.781019693973846,4223770.0,2073600.0,24
0.0,25.04013363366737,4223760.0,2073600.0,24
0.0,30.77162989696164,4234875.0,2073600.0,24
0.0,28.622035621283647,3082617.0,921600.0,24
0.0,28.51672819971871,2951762.0,921600.0,24
0.0,26.536693057728474,2947976.0,921600.0,24
0.0,23.674138339733567,2947976.0,921600.0,24
