SD,QP,BR,RS,FR
0.0,20.246566121873748,1036908.0,230400.0,24
0.0,25.37631054826951,1033018.0,230400.0,24
0.0,19.525094541718584,1035211.0,230400.0,24
0.0,22.66669978034593,1065252.0,230400.0,24
0.0,23.494419600916913,1032994.0,230400.0,24
0.0,18.927795997445635,1051056.0,230400.0,24
0.0,19.73230211817168,1032813.0,230400.0,24
