SD,QP,BR,RS,FR
0.19544594268719528,22.411681803946138,776386.0,147456.0,24
0.0,28.579021716213365,737770.0,147456.0,24
0.015945222663081182,22.254962779156322,740089.0,147456.0,24
0.0,19.485225009956192,738496.0,147456.0,24
0.0,23.22073558162268,738218.0,147456.0,24
0.8093960536445985,24.940268479069452,740969.0,147456.0,24
0.0,26.300362495927008,552082.0,147456.0,24
