SD,QP,BR,RS,FR
0.0,25.250599594120906,387659.0,82944.0,24
0.0,26.03553124383993,232936.0,57600.0,24
0.0,22.64290580820985,237099.0,57600.0,24
0.0,21.42176030491248,370069.0,82944.0,24
0.0,22.157518416871298,369934.0,82944.0,24
0.0,22.450017578811675,370924.0,82944.0,24
0.0,24.273360938578328,370698.0,82944.0,24
