SD,QP,BR,RS,FR
0.0,23.930311176278916,739016.0,147456.0,24
0.0,23.517004724666013,738231.0,147456.0,24
0.0,26.939624873856005,739943.0,147456.0,24
0.0,28.662390432591646,764694.0,147456.0,24
0.0,29.610289725209082,739198.0,147456.0,24
0.0,27.874813740888406,738345.0,147456.0,24
0.0,25.166525713825465,738358.0,147456.0,24
