SD,QP,BR,RS,FR
0.0,23.674138339733567,2947976.0,921600.0,24
0.0,19.359560645636595,2955975.0,921600.0,24
0.0,5.032434140868219,2948075.0,921600.0,24
0.0,12.68170167038038,2948438.0,921600.0,24
0.0,22.03406575909561,2317943.0,921600.0,24
0.0,25.61923228875298,2309645.0,921600.0,24
0.0,21.923248117812523,2314825.0,921600.0,24
