SD,QP,BR,RS,FR
0.0,25.016980730331095,569291.0,147456.0,24
0.0,25.220631468728612,551814.0,147456.0,24
0.0,21.053171869019028,552974.0,147456.0,24
0.0,21.60084718149234,551733.0,147456.0,24
0.0,21.69500708510461,551533.0,147456.0,24
0.0,22.82668898356665,553162.0,147456.0,24
0.0,24.840342493030665,551933.0,147456.0,24
