SD,QP,BR,RS,FR
0.0,23.423570994223166,1033944.0,230400.0,24
0.0,25.25722008371721,1035782.0,230400.0,24
0.0,24.009488699706086,1033477.0,230400.0,24
0.0,23.76137630485456,1032826.0,230400.0,24
0.0,28.104263402279436,1035338.0,230400.0,24
0.0,29.317317350464148,1067784.0,230400.0,24
0.0,29.616592344853217,1034242.0,230400.0,24
