SD,QP,BR,RS,FR
0.0,24.26222294654498,1720770.0,499200.0,24
0.0,21.92004223021172,1720095.0,499200.0,24
0.0,23.732840733996362,1727222.0,499200.0,24
0.0,25.76573053851596,1720104.0,499200.0,24
0.0,23.76137630485456,1032826.0,230400.0,24
0.0,28.104263402279436,1035338.0,230400.0,24
0.0,29.317317350464148,1067784.0,230400.0,24
