SD,QP,BR,RS,FR
0.0,29.37283905858183,1719007.0,499200.0,24
0.0,24.26222294654498,1724760.0,499200.0,24
0.0,24.26222294654498,1720770.0,499200.0,24
0.0,21.92004223021172,1720095.0,499200.0,24
0.0,27.033694238781415,2319372.0,921600.0,24
0.0,25.576157141030556,2309192.0,921600.0,24
0.0,25.08075054340877,2309194.0,921600.0,24
