SD,QP,BR,RS,FR
0.0,25.534191132052676,738365.0,147456.0,24
0.0,19.42633003021997,739873.0,147456.0,24
0.0,22.66669978034593,1065252.0,230400.0,24
0.0,23.494419600916913,1032994.0,230400.0,24
0.0,18.927795997445635,1051056.0,230400.0,24
0.0,19.755681818181817,738220.0,147456.0,24
0.0,19.565808118696342,738293.0,147456.0,24
