SD,QP,BR,RS,FR
0.0,19.485225009956192,738496.0,147456.0,24
0.0,23.22073558162268,738218.0,147456.0,24
2.71834874059266,24.940268479069452,740969.0,147456.0,24
1.315829684773087,26.300362495927008,552082.0,147456.0,24
3.462492556065804,25.5147238514174,551744.0,147456.0,24
0.2923149604937505,27.791051076403544,370787.0,82944.0,24
0.18838415190465518,30.23049012975832,380089.0,82944.0,24
