SD,QP,BR,RS,FR
0.0,19.212719647502258,1035653.0,230400.0,24
0.0,1.6085940960895653,738470.0,147456.0,24
0.0,9.738190165518906,741734.0,147456.0,24
0.0,20.02338202475147,745682.0,147456.0,24
0.0,25.534191132052676,738365.0,147456.0,24
0.0,19.42633003021997,739873.0,147456.0,24
0.0,22.705560878668514,754466.0,147456.0,24
