SD,QP,BR,RS,FR
0.0,19.485225009956192,738496.0,147456.0,24
0.0,23.22073558162268,738218.0,147456.0,24
0.0,24.940268479069452,740969.0,147456.0,24
0.0,23.930311176278916,739016.0,147456.0,24
0.0,23.76137630485456,1032826.0,230400.0,24
0.0,28.104263402279436,1035338.0,230400.0,24
0.0,29.317317350464148,1067784.0,230400.0,24
