SD,QP,BR,RS,FR
0.0,29.610289725209082,739198.0,147456.0,24
0.0,27.874813740888406,738345.0,147456.0,24
0.0,25.166525713825465,738358.0,147456.0,24
0.0,19.104778972520908,740183.0,147456.0,24
0.0,1.6085940960895653,738470.0,147456.0,24
0.0,9.738190165518906,741734.0,147456.0,24
0.0,20.02338202475147,745682.0,147456.0,24
