SD,QP,BR,RS,FR
0.0,18.927795997445635,1051056.0,230400.0,24
0.0,19.73230211817168,1032813.0,230400.0,24
0.0,19.565808118696342,738293.0,147456.0,24
0.0,20.763812808548046,740239.0,147456.0,24
0.0,22.24119872560733,738485.0,147456.0,24
0.0,21.7242679380537,740243.0,147456.0,24
0.0,18.61979099192469,774275.0,147456.0,24
