SD,QP,BR,RS,FR
0.0,9.738190165518906,741734.0,147456.0,24
0.0,20.02338202475147,745682.0,147456.0,24
0.0,25.534191132052676,738365.0,147456.0,24
0.0,19.42633003021997,739873.0,147456.0,24
0.0,22.705560878668514,754466.0,147456.0,24
0.0,23.207240948813983,738343.0,147456.0,24
0.0,21.053171869019028,552974.0,147456.0,24
