SD,QP,BR,RS,FR
0.18838415190465518,30.23049012975832,380089.0,82944.0,24
0.4706107879480772,32.11413043478261,370468.0,82944.0,24
0.6405126653528068,30.301242236024848,370109.0,82944.0,24
0.7695449101832956,27.892665224370155,370109.0,82944.0,24
0.22189307270871605,21.025939071280686,370911.0,82944.0,24
0.0,1.0775001744713517,370229.0,82944.0,24
0.0,9.50778142229046,373804.0,82944.0,24
