SD,QP,BR,RS,FR
0.0,23.254401611047182,2947405.0,921600.0,24
0.0,28.497797441044334,2957916.0,921600.0,24
0.0,28.622035621283647,3082617.0,921600.0,24
0.0,30.413565610067554,4230088.0,2073600.0,24
0.0,27.866995839975118,4224597.0,2073600.0,24
0.0,25.25897404566586,4224595.0,2073600.0,24
0.0,19.359560645636595,2955975.0,921600.0,24
