SD,QP,BR,RS,FR
0.0,24.727416999936523,1724229.0,499200.0,24
0.0,20.386391331057332,1763008.0,499200.0,24
0.0,23.494419600916913,1032994.0,230400.0,24
0.0,18.927795997445635,1051056.0,230400.0,24
0.0,19.73230211817168,1032813.0,230400.0,24
0.0,19.61513831635166,1032401.0,230400.0,24
0.0,21.255190256830943,1035950.0,230400.0,24
