SD,QP,BR,RS,FR
0.0,24.399745972091726,569753.0,147456.0,24
0.0,31.057537423571578,551419.0,147456.0,24
0.0,24.080696856906535,553067.0,147456.0,24
0.0,21.080326563122263,551938.0,147456.0,24
2.606537722127717,25.371639784946236,551731.0,147456.0,24
3.9683376304481293,26.838187038556192,370934.0,82944.0,24
1.5258158170915417,26.015280914737435,370071.0,82944.0,24
