SD,QP,BR,RS,FR
3.9683376304481293,26.838187038556192,370934.0,82944.0,24
1.5258158170915417,26.015280914737435,370071.0,82944.0,24
0.0,26.242474082934617,232594.0,57600.0,24
0.0,27.791051076403544,370787.0,82944.0,24
0.0,30.23049012975832,380089.0,82944.0,24
0.0,32.11413043478261,370468.0,82944.0,24
0.0,27.874813740888406,738345.0,147456.0,24
