SD,QP,BR,RS,FR
0.0,33.896,12659.834,8294400.0,30
0.079,33.43,25590.154,8294400.0,30
0.027999999999999997,33.853,23005.936,8294400.0,30
1.8869999999999998,32.664,19771.728,8294400.0,30
0.85,33.612,12963.696,8294400.0,30
6.252999999999999,32.901,19221.908,8294400.0,30
0.355,33.57,12927.502,8294400.0,30
