SD,QP,BR,RS,FR
0.0,32.519,16233.4,8294400.0,30
0.28600000000000003,32.025,17070.256,8294400.0,30
0.23399999999999999,32.531,17512.272,8294400.0,30
0.637,32.724,19749.038,8294400.0,30
1.5019999999999998,32.395,15322.818,8294400.0,30
5.437,32.243,18061.07,8294400.0,30
2.039,32.381,19120.876,8294400.0,30
