SD,QP,BR,RS,FR
0.0,32.599,2226.8,921600.0,30
0.0,25.559,3330.45,921600.0,30
0.0,31.047,3002.188,921600.0,30
0.384,27.22,2683.052,921600.0,30
0.244,28.195,2335.258,921600.0,30
3.3930000000000002,27.504,1932.898,518400.0,30
5.242000000000001,30.447,2594.026,518400.0,30
