SD,QP,BR,RS,FR
0.0,32.851,16992.724,8294400.0,30
0.14400000000000002,32.598,16630.392,8294400.0,30
0.183,33.059,13374.348,8294400.0,30
0.23600000000000002,32.806,16809.686,8294400.0,30
0.222,32.858,16037.576,8294400.0,30
0.22,32.853,17715.318,8294400.0,30
3.33,32.699,20162.004,8294400.0,30
